booking_id,customer_id,flight_id,seat_id,booking_date,booking_status
1,792,774,772,2024-12-15 19:00:00,Confirmed
2,403,753,261,2025-09-12 22:15:00,Cancelled
3,940,793,496,2025-12-13 11:00:00,Pending
4,620,361,89,2025-11-01 01:15:00,Pending
5,482,470,674,2025-06-08 05:30:00,Confirmed
6,893,458,717,2025-11-30 15:45:00,Cancelled
7,946,551,887,2026-01-23 20:45:00,Confirmed
8,805,549,581,2025-05-24 00:45:00,Confirmed
9,94,429,101,2024-11-25 21:45:00,Pending
10,546,767,77,2025-01-31 09:45:00,Cancelled
11,258,532,266,2024-11-30 20:30:00,Pending
12,896,225,535,2025-10-09 09:45:00,Confirmed
13,321,76,188,2026-01-02 15:30:00,Confirmed
14,357,125,49,2025-08-05 21:00:00,Pending
15,531,676,57,2026-02-14 10:30:00,Confirmed
16,613,512,777,2025-08-06 03:00:00,Cancelled
17,787,121,828,2025-06-17 01:15:00,Pending
18,705,514,610,2024-12-01 00:00:00,Cancelled
19,371,56,531,2025-01-14 09:45:00,Confirmed
20,818,508,814,2025-11-05 00:30:00,Confirmed
21,121,646,727,2025-12-27 14:45:00,Confirmed
22,613,27,317,2025-08-31 08:00:00,Confirmed
23,664,958,38,2025-01-05 09:15:00,Confirmed
24,496,590,946,2025-05-06 06:45:00,Confirmed
25,350,800,567,2026-03-15 17:15:00,Cancelled
26,259,112,721,2025-08-04 13:00:00,Pending
27,403,222,932,2025-11-11 21:15:00,Confirmed
28,957,765,863,2025-04-04 17:00:00,Confirmed
29,564,173,302,2025-04-02 07:45:00,Confirmed
30,431,145,844,2025-11-19 06:00:00,Confirmed
31,438,952,967,2025-11-17 06:30:00,Confirmed
32,488,573,899,2025-08-17 02:00:00,Confirmed
33,144,499,819,2025-05-21 22:00:00,Confirmed
34,821,991,687,2026-02-12 18:00:00,Pending
35,285,80,977,2025-10-12 15:00:00,Confirmed
36,131,768,424,2025-05-23 23:15:00,Cancelled
37,210,626,431,2026-01-15 01:30:00,Confirmed
38,11,228,686,2025-12-30 07:15:00,Pending
39,737,441,265,2025-06-13 23:45:00,Confirmed
40,237,525,669,2025-01-22 18:45:00,Cancelled
41,770,779,749,2026-04-07 09:15:00,Confirmed
42,243,944,792,2024-12-24 16:45:00,Confirmed
43,325,730,174,2026-03-11 04:45:00,Pending
44,845,853,315,2025-10-10 08:45:00,Confirmed
45,18,677,388,2026-03-08 23:00:00,Confirmed
46,629,812,659,2025-06-04 10:00:00,Confirmed
47,253,606,182,2025-06-28 18:45:00,Confirmed
48,625,106,930,2025-01-16 19:00:00,Pending
49,287,626,555,2026-01-07 22:30:00,Confirmed
50,316,200,312,2024-11-27 10:15:00,Pending
51,870,346,758,2025-01-23 01:00:00,Confirmed
52,103,9,396,2026-04-02 00:45:00,Cancelled
53,454,506,238,2025-08-12 10:15:00,Pending
54,872,934,5,2025-03-18 14:30:00,Confirmed
55,784,294,120,2026-01-19 16:00:00,Pending
56,504,103,676,2025-02-27 06:45:00,Confirmed
57,22,551,310,2026-02-16 23:45:00,Cancelled
58,859,91,419,2025-03-16 18:45:00,Confirmed
59,148,937,93,2026-04-25 18:00:00,Pending
60,700,281,673,2024-12-01 09:45:00,Cancelled
61,213,501,314,2025-12-24 10:15:00,Confirmed
62,281,145,740,2025-11-12 16:00:00,Confirmed
63,237,277,637,2025-03-31 18:00:00,Pending
64,984,161,895,2025-07-18 06:15:00,Pending
65,250,456,339,2025-12-08 04:15:00,Confirmed
66,731,897,418,2025-08-20 15:15:00,Confirmed
67,369,156,216,2025-03-14 08:45:00,Confirmed
68,742,859,299,2026-03-04 14:30:00,Confirmed
69,262,555,652,2025-01-28 21:45:00,Confirmed
70,934,519,696,2025-08-03 21:45:00,Confirmed
71,225,161,361,2025-05-08 07:15:00,Confirmed
72,544,156,655,2025-04-06 07:45:00,Pending
73,374,608,219,2024-12-29 19:30:00,Confirmed
74,938,289,320,2025-11-19 15:00:00,Cancelled
75,567,382,704,2025-09-04 20:15:00,Confirmed
76,955,241,443,2026-04-10 23:45:00,Confirmed
77,146,310,672,2025-03-07 14:30:00,Pending
78,191,502,736,2025-05-09 08:15:00,Confirmed
79,534,270,935,2024-12-28 13:15:00,Pending
80,636,774,606,2025-03-01 02:00:00,Cancelled
81,804,40,435,2025-07-12 12:00:00,Confirmed
82,965,108,793,2025-11-17 04:15:00,Confirmed
83,828,212,548,2026-04-02 03:30:00,Cancelled
84,69,584,103,2025-12-15 11:15:00,Pending
85,184,827,983,2026-01-20 17:00:00,Cancelled
86,567,823,968,2024-12-05 19:45:00,Confirmed
87,547,682,115,2025-01-18 09:15:00,Cancelled
88,334,238,964,2025-09-12 20:15:00,Confirmed
89,22,767,803,2025-02-02 12:45:00,Pending
90,404,7,313,2025-12-05 16:00:00,Confirmed
91,160,761,149,2025-08-22 10:45:00,Pending
92,855,493,466,2025-07-19 20:45:00,Cancelled
93,474,236,102,2025-06-19 07:15:00,Confirmed
94,113,719,882,2024-12-27 22:30:00,Cancelled
95,773,818,53,2025-02-11 14:45:00,Pending
96,140,659,722,2025-11-15 02:00:00,Confirmed
97,819,293,250,2026-01-05 08:30:00,Cancelled
98,564,155,760,2025-05-04 19:00:00,Confirmed
99,538,773,301,2025-12-04 22:30:00,Pending
100,363,203,806,2024-11-14 17:45:00,Cancelled
101,768,629,554,2025-06-17 14:45:00,Confirmed
102,418,536,846,2026-04-06 08:45:00,Pending
103,130,751,48,2025-09-06 06:15:00,Confirmed
104,377,933,593,2026-02-14 07:15:00,Cancelled
105,423,300,456,2026-02-18 08:00:00,Confirmed
106,25,122,276,2025-02-22 04:30:00,Confirmed
107,17,592,711,2025-10-19 14:00:00,Cancelled
108,769,974,561,2025-10-23 21:30:00,Pending
109,810,497,409,2025-12-11 01:45:00,Cancelled
110,406,298,508,2025-01-18 10:15:00,Confirmed
111,233,389,565,2025-06-18 00:30:00,Confirmed
112,478,353,21,2026-02-18 15:30:00,Pending
113,475,6,880,2026-03-30 19:30:00,Pending
114,252,147,971,2026-02-11 12:15:00,Pending
115,303,316,540,2025-03-27 00:45:00,Confirmed
116,932,413,741,2025-03-02 08:15:00,Pending
117,80,63,516,2026-01-17 20:45:00,Confirmed
118,525,267,118,2026-02-07 13:45:00,Confirmed
119,890,578,936,2025-02-15 12:30:00,Confirmed
120,199,419,515,2025-10-25 00:00:00,Confirmed
121,104,443,341,2026-03-13 21:30:00,Cancelled
122,277,136,160,2025-01-25 08:15:00,Confirmed
123,646,420,86,2025-11-15 16:00:00,Confirmed
124,414,203,134,2024-12-19 16:45:00,Confirmed
125,637,905,900,2025-10-16 18:15:00,Confirmed
126,821,992,553,2025-01-24 20:45:00,Confirmed
127,449,292,274,2026-01-12 21:45:00,Cancelled
128,38,904,262,2025-04-28 13:00:00,Cancelled
129,580,121,992,2025-07-01 03:15:00,Pending
130,158,951,248,2025-02-10 10:15:00,Cancelled
131,451,418,112,2025-09-28 19:00:00,Confirmed
132,781,728,433,2025-11-05 03:00:00,Cancelled
133,283,754,657,2024-11-14 12:45:00,Confirmed
134,311,925,305,2025-11-07 23:45:00,Confirmed
135,583,96,685,2026-02-23 10:30:00,Cancelled
136,905,80,927,2025-10-06 19:00:00,Confirmed
137,262,517,642,2025-09-30 07:15:00,Pending
138,168,254,481,2026-02-06 21:00:00,Cancelled
139,806,567,574,2025-12-22 18:30:00,Confirmed
140,170,598,442,2024-10-10 23:45:00,Confirmed
141,686,371,94,2025-05-29 20:15:00,Cancelled
142,382,152,128,2025-04-11 07:30:00,Confirmed
143,562,332,976,2025-10-11 18:30:00,Cancelled
144,540,535,940,2025-04-06 07:45:00,Cancelled
145,734,631,956,2025-02-08 21:45:00,Cancelled
146,826,996,809,2025-07-02 07:30:00,Confirmed
147,23,113,551,2025-03-26 08:30:00,Confirmed
148,963,437,249,2025-03-09 08:30:00,Confirmed
149,742,620,558,2025-06-15 11:15:00,Pending
150,308,461,197,2026-04-02 10:30:00,Pending
151,569,533,59,2025-12-30 17:15:00,Pending
152,255,672,679,2025-06-15 09:45:00,Pending
153,715,621,663,2025-03-22 22:30:00,Confirmed
154,761,82,88,2026-03-13 16:00:00,Confirmed
155,307,603,658,2025-06-26 17:15:00,Confirmed
156,493,270,438,2024-10-13 18:15:00,Cancelled
157,949,996,78,2025-09-09 01:30:00,Confirmed
158,443,185,450,2025-01-08 19:45:00,Confirmed
159,32,341,724,2025-10-15 19:15:00,Confirmed
160,242,893,767,2025-06-19 00:00:00,Pending
161,406,130,938,2025-05-14 05:00:00,Confirmed
162,870,298,2,2025-01-19 05:15:00,Confirmed
163,824,672,631,2025-07-23 03:45:00,Confirmed
164,335,305,237,2025-05-12 00:45:00,Pending
165,104,903,472,2026-04-03 02:15:00,Cancelled
166,9,900,51,2025-09-22 14:15:00,Confirmed
167,919,429,436,2025-02-10 14:45:00,Cancelled
168,53,579,40,2025-12-09 14:45:00,Confirmed
169,137,744,29,2025-08-07 22:30:00,Cancelled
170,941,791,518,2024-11-06 17:00:00,Cancelled
171,90,930,693,2025-12-01 12:15:00,Pending
172,339,102,272,2025-10-14 03:30:00,Pending
173,85,290,414,2025-12-17 19:00:00,Confirmed
174,945,828,11,2025-12-09 00:30:00,Pending
175,844,734,334,2025-10-11 10:15:00,Confirmed
176,299,526,368,2026-01-07 16:30:00,Confirmed
177,628,575,922,2026-01-29 12:30:00,Confirmed
178,621,950,862,2024-12-02 00:30:00,Cancelled
179,717,740,643,2024-12-15 22:15:00,Confirmed
180,230,175,815,2025-03-30 06:15:00,Confirmed
181,873,335,988,2025-12-15 16:15:00,Confirmed
182,485,391,31,2026-02-23 04:15:00,Pending
183,314,841,909,2025-02-06 00:15:00,Cancelled
184,411,668,780,2025-02-09 07:00:00,Cancelled
185,868,84,791,2025-07-22 20:00:00,Confirmed
186,247,450,227,2025-02-25 15:00:00,Cancelled
187,38,732,707,2026-03-04 05:15:00,Confirmed
188,121,896,822,2025-05-16 23:30:00,Pending
189,130,806,100,2026-01-21 21:30:00,Confirmed
190,789,529,421,2026-02-08 18:00:00,Confirmed
191,245,845,179,2025-12-29 12:00:00,Confirmed
192,953,228,357,2025-10-22 20:15:00,Pending
193,566,386,400,2025-11-24 23:15:00,Pending
194,215,552,47,2025-01-06 02:00:00,Confirmed
195,161,590,129,2025-04-20 18:45:00,Confirmed
196,51,860,747,2025-07-16 16:30:00,Confirmed
197,833,599,114,2025-10-08 10:45:00,Cancelled
198,408,579,764,2025-10-29 15:45:00,Confirmed
199,335,411,632,2025-04-17 00:30:00,Confirmed
200,938,248,173,2025-07-20 18:00:00,Confirmed
201,891,779,991,2026-04-20 18:15:00,Confirmed
202,499,340,595,2026-03-24 16:00:00,Confirmed
203,144,899,390,2025-05-14 07:45:00,Cancelled
204,981,470,888,2025-07-08 14:30:00,Cancelled
205,428,690,404,2025-01-11 18:15:00,Cancelled
206,729,436,527,2025-12-06 21:45:00,Confirmed
207,3,171,158,2025-10-29 13:00:00,Cancelled
208,993,521,300,2025-04-23 08:45:00,Confirmed
209,341,171,546,2025-08-16 07:00:00,Pending
210,762,345,181,2024-12-26 22:45:00,Confirmed
211,911,631,270,2025-02-16 19:45:00,Cancelled
212,627,429,142,2025-01-27 23:45:00,Cancelled
213,749,230,710,2025-12-17 05:30:00,Pending
214,606,859,584,2026-02-19 18:30:00,Confirmed
215,774,768,626,2025-04-08 21:15:00,Confirmed
216,19,651,417,2025-12-03 06:30:00,Cancelled
217,811,436,483,2026-01-11 01:45:00,Pending
218,428,296,284,2025-10-22 23:45:00,Confirmed
219,946,371,87,2025-06-16 12:15:00,Confirmed
220,272,287,933,2024-12-17 08:00:00,Pending
221,837,803,963,2025-11-01 07:30:00,Pending
222,261,918,978,2024-12-28 19:30:00,Confirmed
223,235,630,969,2025-10-16 21:30:00,Pending
224,461,888,162,2024-12-26 03:45:00,Confirmed
225,49,170,275,2025-08-21 09:00:00,Confirmed
226,922,35,624,2025-07-16 06:30:00,Confirmed
227,890,693,834,2025-04-04 01:15:00,Cancelled
228,680,381,840,2025-02-03 21:15:00,Pending
229,219,216,264,2025-11-26 04:30:00,Confirmed
230,799,388,24,2025-12-14 15:15:00,Pending
231,399,282,907,2025-08-20 03:30:00,Confirmed
232,559,125,804,2025-06-22 21:00:00,Confirmed
233,440,322,122,2025-03-15 20:30:00,Cancelled
234,970,99,468,2025-10-09 18:00:00,Confirmed
235,954,902,833,2025-08-25 11:30:00,Cancelled
236,688,620,855,2025-07-03 23:15:00,Confirmed
237,437,823,817,2024-12-26 19:45:00,Confirmed
238,100,217,10,2025-12-12 11:00:00,Pending
239,709,247,993,2025-08-29 03:45:00,Confirmed
240,160,503,429,2025-07-02 15:30:00,Pending
241,68,432,126,2025-04-15 15:45:00,Confirmed
242,463,322,271,2025-02-11 03:30:00,Confirmed
243,856,332,667,2025-09-16 00:30:00,Confirmed
244,493,329,226,2025-10-12 14:30:00,Confirmed
245,86,538,818,2025-09-05 23:30:00,Confirmed
246,398,130,151,2025-07-03 18:00:00,Pending
247,743,154,877,2025-03-27 19:00:00,Pending
248,813,170,843,2025-08-19 15:00:00,Confirmed
249,351,464,709,2025-03-29 16:45:00,Pending
250,548,506,753,2025-08-07 18:15:00,Pending
251,776,465,138,2026-02-08 16:30:00,Confirmed
252,874,1000,728,2026-03-26 00:30:00,Confirmed
253,525,460,99,2025-11-14 09:00:00,Confirmed
254,636,549,547,2025-05-15 13:45:00,Cancelled
255,766,379,221,2025-05-07 06:00:00,Pending
256,763,559,776,2025-06-17 10:45:00,Pending
257,800,569,787,2025-07-13 19:00:00,Cancelled
258,397,861,453,2025-04-25 17:15:00,Confirmed
259,922,77,359,2025-12-11 09:00:00,Confirmed
260,4,251,697,2025-05-22 22:00:00,Confirmed
261,681,387,996,2025-04-07 18:15:00,Confirmed
262,768,850,871,2025-11-23 08:00:00,Pending
263,88,394,252,2025-05-19 21:45:00,Confirmed
264,575,851,329,2025-10-19 18:15:00,Confirmed
265,507,594,245,2025-07-14 14:00:00,Cancelled
266,349,897,545,2025-08-07 08:15:00,Pending
267,806,692,521,2026-02-14 22:45:00,Confirmed
268,550,117,810,2025-03-04 04:30:00,Confirmed
269,110,304,827,2026-03-09 00:00:00,Cancelled
270,141,855,199,2025-07-07 05:45:00,Pending
271,157,614,765,2025-03-02 20:45:00,Pending
272,77,169,868,2025-11-09 11:00:00,Confirmed
273,316,606,6,2025-07-12 12:45:00,Confirmed
274,292,722,568,2025-06-03 03:45:00,Cancelled
275,891,216,859,2026-01-16 09:30:00,Cancelled
276,873,284,951,2025-05-31 03:00:00,Confirmed
277,999,581,748,2025-10-01 01:45:00,Confirmed
278,127,287,232,2025-01-01 10:00:00,Confirmed
279,820,549,585,2025-07-25 21:45:00,Confirmed
280,319,979,35,2025-11-25 00:30:00,Pending
281,82,458,479,2025-12-18 15:45:00,Pending
282,560,496,96,2025-01-23 19:30:00,Cancelled
283,103,948,107,2025-06-11 12:15:00,Confirmed
284,900,198,906,2025-03-10 08:00:00,Cancelled
285,276,767,821,2025-04-02 00:45:00,Confirmed
286,972,524,982,2025-01-31 09:00:00,Confirmed
287,489,624,9,2025-02-03 17:15:00,Pending
288,416,135,415,2025-01-13 09:00:00,Confirmed
289,606,532,854,2024-12-09 21:30:00,Confirmed
290,173,751,599,2025-08-17 16:15:00,Pending
291,718,878,422,2025-09-26 00:30:00,Pending
292,482,551,108,2026-03-24 16:45:00,Cancelled
293,174,221,511,2025-09-26 12:15:00,Confirmed
294,418,742,208,2025-12-01 07:15:00,Confirmed
295,280,148,725,2025-07-28 06:45:00,Cancelled
296,193,513,990,2025-05-24 04:45:00,Confirmed
297,441,298,590,2025-01-21 19:15:00,Cancelled
298,198,237,74,2025-02-18 04:15:00,Confirmed
299,415,79,640,2025-01-19 16:00:00,Pending
300,295,459,541,2025-04-14 21:00:00,Cancelled
301,911,47,539,2026-03-15 03:00:00,Confirmed
302,664,156,408,2025-02-12 17:45:00,Confirmed
303,118,752,412,2025-12-06 09:30:00,Confirmed
304,260,681,986,2025-09-08 01:00:00,Confirmed
305,834,236,619,2025-04-29 03:15:00,Confirmed
306,688,971,552,2025-05-28 09:45:00,Cancelled
307,237,622,55,2025-07-26 14:45:00,Confirmed
308,74,344,363,2025-07-05 02:00:00,Confirmed
309,224,920,180,2026-02-25 13:45:00,Confirmed
310,668,14,800,2024-12-18 14:00:00,Confirmed
311,713,691,113,2025-01-02 08:00:00,Confirmed
312,212,776,202,2025-02-10 09:30:00,Confirmed
313,664,983,779,2025-05-07 07:45:00,Confirmed
314,421,117,490,2025-03-09 16:30:00,Confirmed
315,282,21,605,2025-05-30 00:30:00,Confirmed
316,651,572,387,2026-01-16 22:30:00,Confirmed
317,193,440,684,2024-12-01 21:45:00,Confirmed
318,501,452,60,2025-04-28 00:30:00,Confirmed
319,4,338,556,2026-03-02 01:45:00,Confirmed
320,801,571,172,2025-10-03 21:15:00,Confirmed
321,297,621,117,2025-05-05 01:30:00,Confirmed
322,295,330,762,2025-11-13 21:00:00,Confirmed
323,437,907,282,2025-06-28 22:15:00,Cancelled
324,543,726,784,2025-09-19 21:00:00,Confirmed
325,311,953,3,2025-01-10 11:30:00,Confirmed
326,705,145,295,2025-11-08 23:00:00,Pending
327,277,15,904,2025-11-08 22:00:00,Confirmed
328,927,474,858,2026-01-23 20:15:00,Cancelled
329,661,629,439,2025-06-06 10:45:00,Confirmed
330,972,858,389,2025-12-31 21:15:00,Cancelled
331,149,141,981,2025-02-01 09:30:00,Cancelled
332,535,157,929,2025-11-21 13:30:00,Confirmed
333,883,131,798,2025-07-23 19:30:00,Cancelled
334,765,880,788,2025-04-18 05:15:00,Confirmed
335,981,417,688,2026-03-01 15:15:00,Pending
336,259,129,106,2024-12-02 21:00:00,Pending
337,877,485,959,2025-05-18 05:30:00,Cancelled
338,543,286,294,2026-01-22 13:15:00,Confirmed
339,542,221,597,2025-12-23 00:15:00,Pending
340,336,437,324,2025-02-14 00:30:00,Confirmed
341,350,992,351,2025-03-31 23:45:00,Confirmed
342,112,599,913,2025-11-01 01:45:00,Cancelled
343,258,972,393,2025-01-11 09:45:00,Confirmed
344,644,409,528,2026-03-13 14:00:00,Pending
345,617,707,770,2025-08-17 23:15:00,Confirmed
346,390,968,260,2026-02-17 02:00:00,Confirmed
347,251,122,176,2025-02-21 18:30:00,Pending
348,366,963,22,2024-12-07 11:00:00,Confirmed
349,505,902,85,2025-08-29 03:30:00,Pending
350,17,758,789,2025-05-16 19:45:00,Confirmed
351,918,116,470,2025-05-05 23:15:00,Confirmed
352,45,497,613,2025-12-02 07:45:00,Confirmed
353,757,80,796,2025-10-17 05:00:00,Cancelled
354,1000,702,847,2025-05-05 18:15:00,Cancelled
355,227,632,184,2026-01-09 19:15:00,Confirmed
356,38,714,171,2024-12-10 17:45:00,Pending
357,419,819,71,2026-02-10 15:00:00,Cancelled
358,912,507,130,2025-08-12 20:00:00,Confirmed
359,946,553,309,2025-09-12 16:00:00,Confirmed
360,825,171,805,2025-10-10 09:00:00,Confirmed
361,645,527,786,2026-01-18 01:30:00,Confirmed
362,284,111,185,2025-04-30 02:00:00,Cancelled
363,713,947,376,2026-05-06 03:45:00,Pending
364,222,644,903,2025-03-10 19:30:00,Confirmed
365,516,951,866,2025-01-15 13:15:00,Pending
366,285,776,254,2025-04-08 00:30:00,Cancelled
367,958,886,345,2025-03-15 03:00:00,Confirmed
368,169,323,76,2025-05-30 16:15:00,Confirmed
369,643,608,737,2024-10-24 02:30:00,Cancelled
370,198,166,801,2026-03-17 21:00:00,Confirmed
371,47,717,795,2025-11-30 09:30:00,Pending
372,203,896,974,2025-05-18 17:30:00,Confirmed
373,678,752,206,2025-11-30 20:30:00,Cancelled
374,33,566,298,2025-03-03 10:45:00,Pending
375,210,640,892,2024-11-17 08:45:00,Cancelled
376,780,785,209,2024-12-21 23:00:00,Confirmed
377,705,919,178,2025-11-27 10:30:00,Confirmed
378,8,866,604,2025-03-23 15:00:00,Confirmed
379,180,436,985,2025-10-24 03:45:00,Confirmed
380,783,398,165,2025-06-05 05:30:00,Confirmed
381,426,467,75,2025-01-04 10:00:00,Confirmed
382,833,295,277,2025-04-11 11:15:00,Cancelled
383,731,575,689,2025-12-24 19:30:00,Confirmed
384,923,69,879,2025-06-04 10:15:00,Pending
385,908,722,494,2025-05-18 03:45:00,Pending
386,609,123,338,2025-05-08 07:00:00,Confirmed
387,977,724,999,2025-02-03 23:45:00,Confirmed
388,857,883,638,2026-01-02 12:30:00,Confirmed
389,621,499,279,2025-05-17 02:00:00,Cancelled
390,856,531,242,2025-04-13 05:15:00,Confirmed
391,385,169,972,2025-11-08 08:00:00,Pending
392,896,501,502,2025-11-07 17:15:00,Cancelled
393,130,983,307,2025-05-16 11:45:00,Cancelled
394,547,429,46,2025-02-07 19:45:00,Confirmed
395,932,47,187,2026-01-06 07:00:00,Cancelled
396,837,239,750,2025-02-22 08:15:00,Confirmed
397,552,781,645,2025-08-21 10:30:00,Confirmed
398,52,723,381,2025-10-03 21:15:00,Confirmed
399,76,607,928,2025-04-01 22:30:00,Confirmed
400,348,602,941,2025-07-14 03:30:00,Confirmed
401,268,331,251,2025-12-15 03:15:00,Confirmed
402,183,86,739,2025-09-28 10:30:00,Confirmed
403,859,266,287,2025-12-01 05:45:00,Pending
404,226,387,630,2025-02-24 18:15:00,Confirmed
405,152,673,448,2024-11-23 19:15:00,Confirmed
406,739,803,629,2025-09-10 11:30:00,Confirmed
407,779,951,905,2025-02-17 06:15:00,Confirmed
408,283,267,529,2026-03-07 04:45:00,Confirmed
409,12,740,230,2025-02-15 04:15:00,Cancelled
410,884,994,979,2025-06-06 00:45:00,Confirmed
411,776,502,459,2025-03-18 03:15:00,Confirmed
412,705,620,97,2025-07-11 21:15:00,Pending
413,101,308,452,2026-01-18 21:45:00,Cancelled
414,59,89,344,2025-10-06 00:45:00,Pending
415,27,746,534,2025-10-01 14:00:00,Confirmed
416,689,898,137,2025-08-02 05:00:00,Cancelled
417,771,135,633,2025-02-14 04:00:00,Confirmed
418,559,848,104,2025-12-28 04:30:00,Cancelled
419,553,544,447,2025-07-15 18:00:00,Confirmed
420,933,18,699,2024-12-25 12:30:00,Confirmed
421,782,536,836,2026-03-22 08:45:00,Cancelled
422,44,283,364,2024-12-02 06:30:00,Confirmed
423,520,204,582,2025-11-15 12:30:00,Confirmed
424,614,980,487,2025-02-16 01:30:00,Cancelled
425,908,133,557,2025-02-08 09:00:00,Confirmed
426,350,866,337,2025-04-02 15:00:00,Cancelled
427,282,738,864,2024-10-29 23:45:00,Confirmed
428,577,99,296,2025-11-24 11:00:00,Confirmed
429,817,27,7,2025-10-17 02:00:00,Confirmed
430,330,652,898,2025-10-24 20:15:00,Confirmed
431,318,935,530,2025-07-20 09:15:00,Confirmed
432,43,321,778,2025-12-15 06:45:00,Confirmed
433,482,4,426,2025-07-22 19:45:00,Confirmed
434,421,498,533,2025-09-15 00:45:00,Confirmed
435,633,268,520,2025-11-13 09:15:00,Cancelled
436,798,255,600,2025-04-25 07:15:00,Confirmed
437,67,286,690,2026-02-08 01:15:00,Pending
438,951,933,194,2026-03-08 22:15:00,Confirmed
439,542,750,348,2026-03-22 14:15:00,Pending
440,757,717,204,2025-12-22 07:30:00,Cancelled
441,265,81,34,2024-11-05 15:30:00,Confirmed
442,486,932,958,2025-06-02 05:00:00,Confirmed
443,388,119,79,2025-10-25 00:00:00,Cancelled
444,410,763,355,2025-08-09 17:15:00,Confirmed
445,68,193,883,2025-08-18 09:30:00,Confirmed
446,695,665,33,2026-03-11 00:45:00,Confirmed
447,586,855,759,2025-07-13 16:45:00,Cancelled
448,315,65,575,2025-09-29 12:00:00,Confirmed
449,249,335,360,2025-12-05 15:15:00,Confirmed
450,740,208,675,2025-04-22 21:30:00,Confirmed
451,318,16,139,2024-12-03 05:30:00,Confirmed
452,42,171,140,2025-09-23 19:00:00,Pending
453,647,940,286,2025-05-01 14:00:00,Confirmed
454,769,813,356,2025-01-28 02:15:00,Pending
455,44,567,598,2025-12-07 13:30:00,Cancelled
456,739,238,454,2025-07-09 17:15:00,Confirmed
457,700,823,849,2024-12-30 09:45:00,Confirmed
458,887,334,480,2025-08-10 05:45:00,Confirmed
459,387,350,121,2026-01-01 17:00:00,Cancelled
460,884,724,372,2025-02-23 20:45:00,Confirmed
461,835,752,45,2025-11-20 11:30:00,Pending
462,24,309,617,2025-06-16 12:15:00,Confirmed
463,248,256,738,2026-01-09 23:15:00,Confirmed
464,183,574,90,2024-12-26 05:30:00,Cancelled
465,138,538,244,2025-08-22 06:30:00,Pending
466,64,899,451,2025-03-19 01:45:00,Confirmed
467,297,760,16,2025-03-22 05:15:00,Confirmed
468,874,299,683,2025-12-23 05:30:00,Confirmed
469,222,907,812,2025-06-04 02:15:00,Confirmed
470,539,814,382,2025-02-12 11:45:00,Confirmed
471,726,456,326,2026-02-13 14:15:00,Cancelled
472,827,987,471,2025-07-19 20:00:00,Confirmed
473,729,395,998,2025-09-08 16:15:00,Confirmed
474,739,945,832,2025-04-15 00:30:00,Confirmed
475,1000,453,526,2025-12-31 10:15:00,Confirmed
476,647,205,884,2025-04-21 00:15:00,Confirmed
477,138,720,694,2025-09-08 17:15:00,Confirmed
478,232,993,478,2025-11-17 04:15:00,Pending
479,741,404,702,2025-05-24 18:45:00,Pending
480,627,258,856,2025-11-22 17:00:00,Cancelled
481,336,922,135,2025-06-20 08:15:00,Confirmed
482,513,371,73,2025-06-04 13:15:00,Cancelled
483,538,184,876,2025-06-07 15:30:00,Pending
484,214,54,980,2025-08-06 21:15:00,Confirmed
485,343,422,755,2025-09-17 04:00:00,Confirmed
486,858,591,680,2026-02-28 06:45:00,Pending
487,251,480,893,2025-07-20 15:00:00,Confirmed
488,653,711,885,2025-12-11 07:45:00,Confirmed
489,291,802,514,2025-09-19 08:30:00,Pending
490,930,383,594,2025-01-14 15:30:00,Pending
491,697,235,589,2026-01-22 13:30:00,Confirmed
492,812,990,952,2025-09-05 08:00:00,Pending
493,79,230,39,2025-11-13 00:30:00,Confirmed
494,127,364,191,2025-04-25 12:15:00,Cancelled
495,294,978,449,2026-04-12 00:15:00,Confirmed
496,237,657,924,2025-06-17 11:15:00,Confirmed
497,859,918,217,2025-02-13 09:30:00,Confirmed
498,418,496,498,2025-02-07 07:30:00,Pending
499,162,6,768,2026-03-19 13:30:00,Cancelled
500,152,393,944,2026-03-31 07:30:00,Confirmed
501,344,292,692,2026-01-31 21:45:00,Confirmed
502,262,326,874,2025-05-11 05:30:00,Cancelled
503,749,673,28,2025-01-05 05:15:00,Confirmed
504,418,868,50,2025-11-14 00:15:00,Cancelled
505,797,893,955,2025-07-08 08:00:00,Confirmed
506,405,408,493,2026-01-30 09:15:00,Pending
507,762,947,291,2026-05-01 02:45:00,Cancelled
508,120,323,374,2025-05-18 02:15:00,Cancelled
509,19,646,196,2026-01-29 04:45:00,Pending
510,57,181,228,2025-03-22 21:45:00,Confirmed
511,408,532,578,2024-12-04 02:30:00,Pending
512,782,577,720,2025-06-08 09:30:00,Confirmed
513,467,791,947,2025-01-25 18:00:00,Pending
514,218,661,942,2025-12-01 17:15:00,Cancelled
515,261,541,52,2025-02-26 22:00:00,Confirmed
516,441,781,32,2025-07-15 21:30:00,Confirmed
517,586,46,1,2026-03-09 10:30:00,Cancelled
518,497,799,549,2024-12-28 16:30:00,Cancelled
519,147,710,80,2025-12-21 16:00:00,Pending
520,852,379,718,2025-07-01 23:00:00,Cancelled
521,42,786,918,2026-04-27 17:00:00,Confirmed
522,568,3,962,2025-10-24 11:00:00,Pending
523,799,242,781,2025-03-10 14:30:00,Confirmed
524,489,412,170,2024-10-12 11:30:00,Cancelled
525,542,733,870,2025-07-17 13:30:00,Confirmed
526,240,225,469,2025-08-24 17:45:00,Cancelled
527,128,732,852,2026-03-08 03:15:00,Cancelled
528,463,785,573,2024-11-01 22:00:00,Confirmed
529,842,975,851,2024-12-29 15:45:00,Confirmed
530,579,840,212,2025-02-03 00:45:00,Confirmed
531,297,506,342,2025-07-26 15:15:00,Confirmed
532,17,740,186,2024-12-23 17:15:00,Confirmed
533,170,208,926,2025-05-08 15:30:00,Cancelled
534,639,607,949,2025-02-11 02:30:00,Cancelled
535,587,379,318,2025-06-16 11:00:00,Confirmed
536,566,424,596,2025-10-01 23:15:00,Cancelled
537,764,362,571,2025-12-24 09:45:00,Cancelled
538,875,11,873,2024-12-02 05:00:00,Pending
539,303,834,259,2025-05-07 19:45:00,Cancelled
540,594,736,588,2025-05-24 04:15:00,Pending
541,255,484,56,2025-01-24 14:45:00,Confirmed
542,302,232,901,2025-04-25 20:00:00,Pending
543,584,796,370,2025-02-26 14:00:00,Pending
544,912,749,931,2025-06-01 04:00:00,Confirmed
545,800,608,220,2024-12-07 17:30:00,Cancelled
546,795,407,714,2025-11-16 06:00:00,Confirmed
547,984,821,591,2025-06-27 06:30:00,Cancelled
548,24,939,211,2025-11-15 01:45:00,Confirmed
549,656,796,110,2025-05-01 06:00:00,Cancelled
550,996,747,914,2026-04-26 17:15:00,Confirmed
551,768,646,43,2026-01-07 01:45:00,Confirmed
552,742,142,116,2025-03-10 22:45:00,Cancelled
553,334,943,190,2024-12-03 05:00:00,Cancelled
554,371,999,712,2025-05-08 19:45:00,Pending
555,533,204,416,2025-12-23 05:30:00,Pending
556,776,829,525,2025-08-05 16:45:00,Pending
557,919,620,950,2025-06-21 23:15:00,Pending
558,121,889,911,2025-05-28 20:45:00,Confirmed
559,445,613,463,2025-08-14 19:45:00,Confirmed
560,870,451,984,2025-09-10 03:45:00,Confirmed
561,368,121,123,2025-06-25 08:15:00,Confirmed
562,677,226,403,2026-02-06 00:00:00,Cancelled
563,392,285,267,2025-08-01 04:00:00,Confirmed
564,646,804,666,2026-02-11 20:00:00,Confirmed
565,494,297,201,2025-02-03 18:00:00,Cancelled
566,703,270,343,2024-12-18 14:15:00,Pending
567,322,749,263,2025-04-12 21:00:00,Pending
568,769,188,207,2025-11-29 01:30:00,Pending
569,796,210,848,2025-05-30 02:45:00,Confirmed
570,247,141,398,2024-12-02 08:30:00,Pending
571,279,942,654,2024-12-20 06:15:00,Pending
572,853,326,384,2025-04-24 12:30:00,Cancelled
573,2,935,570,2025-08-10 06:15:00,Pending
574,445,759,757,2026-01-04 10:15:00,Pending
575,399,435,813,2025-10-28 20:30:00,Confirmed
576,782,406,586,2025-07-16 02:45:00,Confirmed
577,84,575,731,2025-12-11 10:30:00,Pending
578,343,10,826,2025-12-26 15:45:00,Pending
579,385,8,218,2025-12-21 09:30:00,Cancelled
580,286,482,407,2026-03-03 21:15:00,Cancelled
581,75,131,169,2025-09-05 10:30:00,Confirmed
582,793,326,522,2025-04-23 07:30:00,Confirmed
583,893,40,377,2025-05-21 07:00:00,Cancelled
584,643,751,83,2025-08-23 11:15:00,Cancelled
585,226,745,358,2025-05-07 02:00:00,Confirmed
586,918,1,975,2025-03-09 20:00:00,Confirmed
587,289,422,504,2025-09-20 02:00:00,Confirmed
588,966,238,236,2025-08-08 00:15:00,Cancelled
589,782,522,214,2025-03-06 19:15:00,Confirmed
590,141,982,37,2024-12-05 07:45:00,Confirmed
591,95,98,730,2025-07-18 05:15:00,Cancelled
592,486,589,42,2025-05-16 15:00:00,Pending
593,579,485,744,2025-05-07 04:30:00,Confirmed
594,797,762,670,2025-08-11 23:45:00,Confirmed
595,537,220,425,2024-11-16 22:00:00,Confirmed
596,994,161,615,2025-06-27 21:15:00,Confirmed
597,238,144,820,2025-10-10 04:45:00,Pending
598,322,331,837,2025-12-11 22:15:00,Pending
599,208,422,523,2025-09-25 19:00:00,Confirmed
600,558,215,771,2025-12-15 04:00:00,Confirmed
601,870,199,661,2025-02-25 22:30:00,Confirmed
602,618,252,397,2025-08-24 03:15:00,Confirmed
603,225,483,681,2024-11-21 02:30:00,Pending
604,686,965,735,2026-02-10 01:30:00,Confirmed
605,560,872,513,2025-11-29 13:45:00,Confirmed
606,195,124,141,2026-01-30 14:00:00,Confirmed
607,684,359,897,2025-11-15 05:00:00,Confirmed
608,607,350,239,2026-02-03 07:00:00,Pending
609,886,389,225,2025-05-30 22:30:00,Confirmed
610,885,408,611,2026-02-03 13:15:00,Confirmed
611,997,487,973,2025-06-25 15:00:00,Confirmed
612,55,356,491,2026-04-14 13:30:00,Confirmed
613,257,603,231,2025-06-23 12:15:00,Confirmed
614,111,482,878,2026-02-23 16:15:00,Cancelled
615,512,851,25,2025-08-09 20:15:00,Confirmed
616,192,786,572,2026-05-03 00:00:00,Pending
617,655,620,653,2025-07-24 21:15:00,Pending
618,604,521,246,2025-04-19 09:45:00,Confirmed
619,199,968,233,2026-03-16 05:00:00,Pending
620,430,26,713,2025-07-12 16:30:00,Confirmed
621,753,815,119,2025-11-02 11:45:00,Cancelled
622,449,409,825,2026-04-04 22:00:00,Pending
623,238,816,460,2024-11-08 12:15:00,Pending
624,869,960,213,2024-12-15 01:00:00,Confirmed
625,327,79,92,2025-02-12 05:00:00,Confirmed
626,587,740,562,2024-12-23 02:15:00,Confirmed
627,805,75,159,2025-11-22 20:00:00,Confirmed
628,652,880,664,2025-04-14 17:15:00,Cancelled
629,122,302,830,2026-02-15 22:30:00,Cancelled
630,413,839,538,2026-03-04 05:45:00,Pending
631,531,94,966,2026-02-06 21:00:00,Confirmed
632,3,553,559,2025-08-25 18:00:00,Confirmed
633,675,192,411,2025-06-01 15:00:00,Confirmed
634,358,704,505,2025-10-14 13:45:00,Confirmed
635,403,787,72,2025-01-18 17:15:00,Confirmed
636,796,363,352,2025-01-31 13:45:00,Pending
637,960,484,987,2025-01-29 03:45:00,Confirmed
638,584,640,917,2024-12-14 05:45:00,Confirmed
639,667,429,824,2025-01-31 10:45:00,Pending
640,143,646,366,2025-12-23 16:45:00,Confirmed
641,468,689,369,2025-08-31 02:15:00,Confirmed
642,548,670,95,2025-03-12 21:15:00,Confirmed
643,639,278,835,2025-07-09 16:15:00,Confirmed
644,560,363,168,2025-03-13 01:45:00,Confirmed
645,941,348,536,2026-02-17 17:00:00,Cancelled
646,975,847,105,2025-07-28 21:15:00,Cancelled
647,679,25,156,2025-08-04 16:30:00,Pending
648,613,784,144,2025-08-09 03:30:00,Confirmed
649,299,249,70,2025-02-12 12:45:00,Confirmed
650,621,301,66,2025-09-08 15:15:00,Cancelled
651,567,275,509,2025-03-30 09:00:00,Cancelled
652,291,185,136,2024-12-14 18:45:00,Cancelled
653,520,538,58,2025-08-24 00:30:00,Cancelled
654,452,609,894,2026-04-01 00:00:00,Pending
655,241,516,41,2025-05-26 12:00:00,Confirmed
656,490,183,934,2025-07-18 06:00:00,Cancelled
657,673,371,580,2025-07-04 06:15:00,Pending
658,463,320,665,2025-03-26 03:15:00,Cancelled
659,987,489,719,2024-11-05 02:45:00,Cancelled
660,680,80,36,2025-08-27 17:00:00,Cancelled
661,505,833,628,2025-07-11 15:45:00,Confirmed
662,639,271,677,2025-07-26 21:00:00,Confirmed
663,736,624,183,2025-01-21 04:15:00,Confirmed
664,591,272,406,2024-12-19 14:15:00,Pending
665,40,578,841,2025-01-24 21:30:00,Confirmed
666,537,173,961,2025-06-15 03:45:00,Cancelled
667,699,320,881,2025-02-09 08:15:00,Confirmed
668,713,721,644,2025-04-30 22:15:00,Cancelled
669,889,34,27,2025-01-06 00:30:00,Confirmed
670,635,822,564,2025-09-19 03:30:00,Confirmed
671,40,195,385,2025-12-18 18:15:00,Confirmed
672,287,585,323,2025-07-02 00:15:00,Cancelled
673,351,69,896,2025-07-02 20:15:00,Confirmed
674,957,975,703,2024-10-29 19:45:00,Confirmed
675,404,911,839,2025-04-26 03:45:00,Confirmed
676,835,93,566,2025-11-20 12:30:00,Confirmed
677,253,385,797,2025-12-16 13:45:00,Cancelled
678,758,53,54,2025-11-03 10:15:00,Cancelled
679,851,518,127,2025-12-03 07:45:00,Confirmed
680,924,803,18,2025-09-19 01:30:00,Confirmed
681,169,303,331,2025-04-26 23:30:00,Cancelled
682,938,339,889,2025-11-07 10:00:00,Confirmed
683,346,963,601,2024-12-06 13:00:00,Pending
684,352,574,994,2024-12-12 10:30:00,Pending
685,176,238,292,2025-08-13 10:15:00,Confirmed
686,712,557,465,2026-03-08 00:45:00,Confirmed
687,801,381,853,2024-11-15 01:15:00,Confirmed
688,882,873,865,2025-04-06 17:45:00,Confirmed
689,401,786,752,2026-03-25 13:00:00,Confirmed
690,662,303,467,2025-03-28 09:30:00,Confirmed
691,396,230,281,2025-10-12 09:30:00,Confirmed
692,329,932,111,2025-06-02 15:00:00,Confirmed
693,268,213,733,2025-04-17 11:15:00,Confirmed
694,644,897,455,2025-06-05 00:15:00,Pending
695,916,105,609,2024-12-06 14:15:00,Confirmed
696,853,528,161,2025-04-27 19:30:00,Confirmed
697,169,785,943,2025-01-23 14:00:00,Confirmed
698,722,37,392,2025-02-12 09:30:00,Confirmed
699,813,76,641,2026-02-08 20:30:00,Pending
700,216,533,802,2025-12-08 15:15:00,Confirmed
701,301,417,766,2026-01-15 19:15:00,Confirmed
702,336,292,908,2026-02-19 07:45:00,Confirmed
703,178,444,378,2024-12-13 02:15:00,Pending
704,838,247,81,2025-09-15 08:45:00,Cancelled
705,974,214,432,2025-02-13 20:00:00,Confirmed
706,437,401,660,2025-06-01 10:30:00,Confirmed
707,983,436,668,2025-11-01 08:45:00,Pending
708,154,154,30,2024-12-30 18:00:00,Pending
709,291,63,891,2026-03-24 04:45:00,Cancelled
710,182,310,989,2025-03-04 10:30:00,Cancelled
711,971,482,148,2026-02-26 08:15:00,Confirmed
712,485,604,210,2025-05-25 10:15:00,Cancelled
713,855,589,268,2025-06-18 01:00:00,Confirmed
714,370,41,306,2026-03-19 20:00:00,Pending
715,540,321,12,2025-12-14 17:45:00,Confirmed
716,912,183,434,2025-07-26 13:00:00,Confirmed
717,935,862,386,2026-01-11 03:30:00,Confirmed
718,333,183,255,2025-05-30 07:00:00,Confirmed
719,773,109,290,2026-01-12 02:15:00,Confirmed
720,306,576,517,2025-12-01 23:15:00,Confirmed
721,346,652,537,2025-10-07 07:15:00,Pending
722,915,495,785,2025-05-07 18:15:00,Confirmed
723,348,200,63,2024-11-07 15:15:00,Pending
724,816,29,303,2026-02-27 16:15:00,Pending
725,295,84,124,2025-08-09 01:00:00,Confirmed
726,981,174,732,2025-07-17 02:45:00,Pending
727,832,811,612,2024-11-01 10:15:00,Pending
728,27,486,1000,2025-08-12 11:00:00,Pending
729,44,852,662,2026-02-01 02:00:00,Confirmed
730,236,138,205,2025-12-26 01:30:00,Pending
731,75,641,550,2025-09-18 11:45:00,Cancelled
732,846,647,620,2025-01-23 10:45:00,Pending
733,71,971,322,2025-06-02 13:45:00,Confirmed
734,493,904,497,2025-07-18 14:00:00,Confirmed
735,649,130,328,2025-06-03 18:00:00,Cancelled
736,699,450,280,2025-04-13 10:00:00,Confirmed
737,872,104,150,2025-06-18 22:30:00,Cancelled
738,396,671,576,2025-06-03 01:15:00,Pending
739,503,132,495,2025-03-13 20:45:00,Pending
740,707,898,636,2025-07-19 08:00:00,Confirmed
741,653,465,365,2026-03-04 04:30:00,Pending
742,659,942,336,2025-01-17 03:15:00,Cancelled
743,133,154,4,2025-02-11 22:00:00,Pending
744,721,16,649,2024-12-13 20:30:00,Confirmed
745,973,521,229,2025-06-17 22:45:00,Confirmed
746,834,776,799,2025-03-16 15:30:00,Confirmed
747,836,476,486,2025-08-05 16:15:00,Confirmed
748,857,325,61,2025-09-21 16:30:00,Confirmed
749,147,705,373,2025-02-19 03:30:00,Cancelled
750,640,953,147,2025-03-22 17:30:00,Confirmed
751,9,86,729,2025-09-22 07:30:00,Confirmed
752,269,174,283,2025-08-02 00:45:00,Confirmed
753,567,759,198,2026-01-21 11:15:00,Confirmed
754,170,601,399,2025-09-14 02:15:00,Confirmed
755,90,646,461,2025-11-09 20:45:00,Confirmed
756,186,666,842,2024-12-07 01:45:00,Confirmed
757,267,356,273,2026-03-29 10:30:00,Cancelled
758,496,741,746,2026-01-21 05:45:00,Confirmed
759,585,25,618,2025-10-08 19:30:00,Confirmed
760,93,774,474,2024-12-31 23:00:00,Cancelled
761,392,446,829,2025-12-23 20:45:00,Confirmed
762,105,420,542,2025-12-02 02:00:00,Confirmed
763,187,981,84,2026-03-19 13:15:00,Cancelled
764,180,827,953,2026-03-21 06:00:00,Cancelled
765,204,87,639,2025-04-04 22:15:00,Cancelled
766,949,891,152,2025-09-14 04:00:00,Confirmed
767,191,650,394,2025-11-02 17:15:00,Confirmed
768,159,486,872,2025-06-16 17:00:00,Pending
769,220,401,524,2025-06-06 15:30:00,Pending
770,751,436,794,2025-11-26 06:45:00,Cancelled
771,600,730,20,2026-03-29 13:45:00,Confirmed
772,567,679,482,2025-05-27 19:15:00,Confirmed
773,171,51,577,2025-12-22 15:00:00,Confirmed
774,988,957,920,2025-01-05 20:30:00,Pending
775,554,977,256,2026-03-04 21:30:00,Confirmed
776,316,919,243,2025-11-01 02:30:00,Confirmed
777,743,279,625,2025-06-25 10:45:00,Cancelled
778,904,427,875,2025-06-19 12:30:00,Confirmed
779,403,830,726,2025-10-11 08:00:00,Pending
780,585,100,235,2025-01-07 22:45:00,Pending
781,592,881,587,2025-12-19 15:00:00,Cancelled
782,120,97,886,2025-09-09 03:00:00,Cancelled
783,869,793,997,2025-11-12 06:00:00,Confirmed
784,585,648,131,2025-04-15 13:15:00,Confirmed
785,57,447,200,2025-09-07 05:30:00,Cancelled
786,611,238,716,2025-08-05 12:15:00,Pending
787,737,911,340,2025-05-07 01:45:00,Confirmed
788,917,166,592,2026-02-26 22:00:00,Confirmed
789,572,685,349,2025-10-18 02:00:00,Confirmed
790,29,342,569,2026-01-07 00:30:00,Confirmed
791,374,621,288,2025-04-10 15:30:00,Cancelled
792,884,327,488,2025-12-04 01:15:00,Confirmed
793,39,761,650,2025-09-02 09:45:00,Cancelled
794,501,413,919,2025-02-02 07:15:00,Pending
795,532,50,240,2026-02-21 13:00:00,Pending
796,449,782,705,2025-03-10 04:15:00,Confirmed
797,758,724,335,2025-02-13 15:45:00,Confirmed
798,190,86,215,2025-09-03 03:30:00,Confirmed
799,947,327,253,2025-12-03 17:15:00,Confirmed
800,285,69,428,2025-07-11 21:15:00,Pending
801,661,449,807,2026-05-02 08:15:00,Pending
802,588,497,458,2025-11-17 18:45:00,Confirmed
803,356,596,19,2025-07-24 19:30:00,Pending
804,585,222,965,2025-10-31 23:15:00,Cancelled
805,659,181,485,2025-03-15 22:45:00,Cancelled
806,748,216,579,2025-11-19 02:30:00,Confirmed
807,25,103,379,2025-04-12 13:45:00,Confirmed
808,284,903,132,2026-01-19 05:15:00,Confirmed
809,59,560,706,2025-01-06 16:00:00,Pending
810,591,534,383,2025-05-17 07:45:00,Confirmed
811,704,859,743,2026-02-14 12:30:00,Confirmed
812,991,120,350,2026-04-21 08:00:00,Confirmed
813,649,151,970,2025-11-22 22:45:00,Confirmed
814,213,227,543,2026-02-03 06:00:00,Pending
815,947,792,133,2025-06-28 14:00:00,Confirmed
816,771,44,614,2025-12-09 14:45:00,Confirmed
817,621,419,125,2025-09-08 14:00:00,Confirmed
818,392,127,627,2025-03-07 12:45:00,Confirmed
819,186,390,440,2025-03-11 08:45:00,Cancelled
820,33,838,634,2025-05-01 10:45:00,Cancelled
821,678,746,701,2025-08-14 11:00:00,Pending
822,203,209,319,2025-03-26 20:15:00,Cancelled
823,38,751,646,2025-08-03 18:15:00,Confirmed
824,390,286,347,2026-01-03 03:15:00,Confirmed
825,677,339,861,2025-11-26 01:00:00,Cancelled
826,682,426,647,2025-08-02 19:30:00,Confirmed
827,783,843,316,2025-06-29 03:30:00,Confirmed
828,292,733,14,2025-08-01 09:30:00,Cancelled
829,641,616,503,2025-03-17 00:45:00,Pending
830,881,445,427,2026-03-18 15:00:00,Cancelled
831,138,691,222,2024-12-15 02:00:00,Confirmed
832,132,561,823,2025-04-06 01:00:00,Confirmed
833,868,30,507,2025-10-04 14:00:00,Cancelled
834,860,275,532,2025-06-09 12:00:00,Cancelled
835,2,578,241,2025-03-20 16:30:00,Cancelled
836,611,568,145,2025-05-27 23:00:00,Cancelled
837,598,212,297,2026-02-23 22:30:00,Cancelled
838,235,254,623,2025-12-15 02:00:00,Confirmed
839,196,677,489,2026-02-02 14:00:00,Confirmed
840,553,319,723,2025-09-19 17:15:00,Confirmed
841,947,941,332,2025-02-15 17:00:00,Pending
842,266,337,69,2026-04-12 02:45:00,Cancelled
843,27,251,109,2025-07-16 18:00:00,Pending
844,433,934,910,2025-05-20 15:30:00,Cancelled
845,491,215,960,2025-11-26 01:00:00,Confirmed
846,62,386,682,2026-01-17 13:15:00,Cancelled
847,454,825,500,2025-02-25 09:00:00,Confirmed
848,605,941,164,2025-03-01 10:00:00,Confirmed
849,130,496,446,2025-01-25 20:30:00,Cancelled
850,923,654,444,2025-03-30 21:30:00,Confirmed
851,976,555,923,2025-02-21 07:45:00,Cancelled
852,8,632,742,2026-01-08 03:15:00,Cancelled
853,293,705,622,2025-05-07 20:30:00,Confirmed
854,18,861,499,2025-03-20 02:15:00,Pending
855,416,377,916,2025-05-03 11:00:00,Pending
856,656,314,915,2024-11-09 04:45:00,Confirmed
857,806,962,285,2025-08-04 16:30:00,Confirmed
858,454,22,563,2026-01-23 16:45:00,Cancelled
859,357,629,850,2025-06-21 13:45:00,Confirmed
860,177,819,311,2026-01-25 15:00:00,Confirmed
861,109,543,163,2025-11-03 21:00:00,Confirmed
862,3,966,402,2025-01-15 16:00:00,Confirmed
863,788,520,510,2025-10-06 18:00:00,Confirmed
864,213,221,23,2025-12-19 05:15:00,Cancelled
865,568,489,203,2024-12-24 01:45:00,Confirmed
866,283,141,346,2025-02-04 02:30:00,Confirmed
867,529,281,278,2025-01-12 21:45:00,Confirmed
868,100,854,154,2025-11-01 23:00:00,Confirmed
869,152,119,484,2025-09-04 16:00:00,Pending
870,111,894,401,2024-11-22 06:00:00,Confirmed
871,87,521,17,2025-05-31 22:45:00,Confirmed
872,464,236,98,2025-07-07 14:15:00,Confirmed
873,730,665,223,2026-03-19 13:45:00,Confirmed
874,49,757,189,2025-07-23 01:30:00,Pending
875,977,540,608,2025-07-12 05:15:00,Confirmed
876,821,442,155,2024-12-10 19:00:00,Confirmed
877,202,345,177,2025-02-26 06:45:00,Confirmed
878,187,993,678,2025-10-09 00:15:00,Pending
879,693,685,957,2025-11-07 19:00:00,Confirmed
880,440,40,811,2025-05-19 13:00:00,Confirmed
881,210,358,445,2025-01-06 08:30:00,Confirmed
882,204,800,15,2026-01-07 19:15:00,Cancelled
883,161,914,375,2025-04-15 13:00:00,Pending
884,911,834,410,2025-04-05 23:45:00,Pending
885,81,35,153,2025-08-09 01:30:00,Confirmed
886,247,21,648,2025-07-07 23:30:00,Pending
887,20,642,391,2025-06-22 21:30:00,Pending
888,413,750,325,2026-02-12 18:15:00,Confirmed
889,989,891,808,2025-10-14 04:00:00,Confirmed
890,774,270,143,2024-12-28 17:15:00,Confirmed
891,603,597,26,2025-03-28 15:45:00,Confirmed
892,936,572,430,2026-01-03 03:30:00,Confirmed
893,671,643,395,2025-07-06 20:45:00,Confirmed
894,787,275,769,2025-04-09 09:00:00,Pending
895,577,319,756,2025-08-07 07:15:00,Cancelled
896,277,729,146,2025-04-23 17:15:00,Confirmed
897,684,707,157,2025-10-21 07:15:00,Cancelled
898,44,366,464,2026-01-07 01:15:00,Cancelled
899,39,295,476,2025-02-16 10:15:00,Cancelled
900,613,97,890,2025-07-31 05:00:00,Cancelled
901,542,783,475,2025-12-06 05:15:00,Confirmed
902,67,509,413,2025-12-20 07:45:00,Confirmed
903,702,139,867,2025-03-12 08:00:00,Confirmed
904,570,642,816,2025-05-20 19:30:00,Confirmed
905,392,113,333,2025-05-08 19:30:00,Confirmed
906,294,919,473,2025-11-29 00:30:00,Confirmed
907,273,354,902,2025-07-18 06:15:00,Pending
908,781,430,477,2026-04-03 14:15:00,Confirmed
909,755,974,420,2025-08-14 19:30:00,Cancelled
910,610,520,362,2025-09-14 16:00:00,Confirmed
911,117,111,708,2025-04-20 17:00:00,Pending
912,69,562,44,2026-03-22 12:15:00,Pending
913,869,301,175,2025-07-30 10:15:00,Confirmed
914,479,14,602,2025-01-07 20:00:00,Confirmed
915,926,403,995,2025-03-26 13:30:00,Confirmed
916,421,419,195,2025-11-26 11:00:00,Cancelled
917,676,874,948,2025-10-14 00:00:00,Pending
918,643,21,560,2025-06-22 18:30:00,Pending
919,924,965,321,2026-01-12 03:30:00,Confirmed
920,701,885,501,2024-10-06 15:00:00,Confirmed
921,610,330,782,2025-09-28 12:00:00,Confirmed
922,151,913,308,2025-12-26 22:00:00,Pending
923,986,912,512,2025-05-14 16:15:00,Pending
924,516,955,380,2025-09-23 21:30:00,Pending
925,951,714,492,2024-10-19 01:45:00,Confirmed
926,841,738,831,2024-12-26 10:45:00,Pending
927,916,38,761,2025-10-12 16:00:00,Confirmed
928,165,754,367,2024-12-19 05:45:00,Pending
929,905,402,462,2025-01-24 14:15:00,Confirmed
930,950,339,945,2025-11-18 21:00:00,Pending
931,996,959,860,2025-11-10 18:45:00,Confirmed
932,12,536,745,2026-02-17 19:45:00,Confirmed
933,27,901,269,2025-03-17 21:45:00,Confirmed
934,486,161,583,2025-06-11 12:15:00,Cancelled
935,849,250,68,2025-01-02 00:30:00,Confirmed
936,88,547,695,2025-11-01 09:45:00,Confirmed
937,783,791,621,2024-11-13 07:00:00,Confirmed
938,162,392,698,2025-07-12 19:30:00,Cancelled
939,605,790,715,2025-10-24 04:00:00,Confirmed
940,434,76,371,2025-12-03 06:30:00,Confirmed
941,744,105,937,2024-12-21 14:15:00,Pending
942,687,817,939,2026-01-21 17:30:00,Cancelled
943,274,751,790,2025-09-04 18:15:00,Confirmed
944,731,37,603,2025-03-11 19:30:00,Pending
945,91,534,327,2025-04-26 09:45:00,Confirmed
946,438,518,91,2025-12-25 22:45:00,Pending
947,658,755,954,2025-03-05 07:30:00,Confirmed
948,691,706,763,2025-10-19 10:30:00,Confirmed
949,342,524,13,2025-02-26 22:00:00,Confirmed
950,954,685,457,2025-10-25 15:00:00,Cancelled
951,825,886,734,2025-02-03 20:00:00,Cancelled
952,187,261,921,2024-12-11 08:00:00,Confirmed
953,620,473,783,2025-11-19 12:45:00,Cancelled
954,856,495,691,2025-05-14 14:15:00,Confirmed
955,255,456,82,2026-01-26 07:15:00,Confirmed
956,273,647,441,2024-12-11 04:45:00,Confirmed
957,67,630,838,2025-08-27 04:30:00,Confirmed
958,347,814,774,2025-03-03 17:45:00,Confirmed
959,956,759,635,2026-02-04 04:15:00,Cancelled
960,846,276,62,2025-12-16 16:45:00,Confirmed
961,560,61,751,2025-09-27 19:45:00,Confirmed
962,588,676,925,2026-04-13 15:30:00,Confirmed
963,546,823,353,2024-10-25 02:45:00,Confirmed
964,43,241,506,2026-03-19 09:45:00,Pending
965,405,590,65,2025-04-09 20:45:00,Pending
966,771,857,64,2024-12-17 01:00:00,Cancelled
967,70,933,67,2026-01-29 10:15:00,Cancelled
968,65,926,166,2026-04-29 15:45:00,Confirmed
969,850,576,773,2025-12-08 09:15:00,Pending
970,743,772,289,2025-01-18 10:00:00,Cancelled
971,615,43,258,2025-01-25 17:45:00,Pending
972,895,509,700,2025-12-18 23:45:00,Confirmed
973,239,437,912,2025-04-16 02:30:00,Cancelled
974,916,24,671,2025-12-02 07:15:00,Confirmed
975,255,109,8,2026-03-05 11:15:00,Confirmed
976,524,587,544,2025-12-01 05:30:00,Confirmed
977,850,865,247,2025-11-17 04:00:00,Pending
978,369,259,754,2025-08-04 22:15:00,Confirmed
979,269,81,354,2025-01-11 01:30:00,Confirmed
980,326,298,845,2024-11-27 13:15:00,Pending
981,714,147,257,2026-01-24 00:15:00,Confirmed
982,581,705,437,2025-03-19 15:30:00,Pending
983,482,465,224,2026-02-27 04:30:00,Confirmed
984,529,683,293,2025-09-12 23:45:00,Confirmed
985,552,98,656,2025-07-07 11:15:00,Cancelled
986,560,331,519,2025-11-17 21:15:00,Confirmed
987,411,741,423,2025-12-10 00:45:00,Confirmed
988,279,290,616,2025-12-13 00:00:00,Confirmed
989,530,613,304,2025-09-13 12:45:00,Pending
990,638,963,607,2025-01-13 06:00:00,Cancelled
991,970,484,857,2025-01-09 07:45:00,Confirmed
992,680,851,651,2025-08-26 17:15:00,Pending
993,255,201,405,2025-07-22 02:45:00,Confirmed
994,634,433,167,2025-01-05 00:00:00,Confirmed
995,519,792,234,2025-08-08 10:00:00,Confirmed
996,914,501,775,2026-01-09 10:15:00,Confirmed
997,268,465,330,2026-03-20 06:30:00,Confirmed
998,128,537,869,2025-11-13 01:45:00,Cancelled
999,696,973,192,2025-11-29 03:45:00,Pending
1000,800,460,193,2025-11-04 04:00:00,Confirmed
