customer_id,customer_name,phone,email
1,Peggy Carr,+91-2771670145,peggy.carr1@example.com
2,Sean Warren,+91-9935889163,sean.warren2@example.com
3,Mr. Martin Hernandez,+91-8900287721,mr..martin.hernandez3@example.com
4,Erica Rivera,+91-4083866317,erica.rivera4@example.com
5,Kenneth Miller,+91-7751701660,kenneth.miller5@example.com
6,April Davis,+91-9948837550,april.davis6@example.com
7,Sarah Rivera,+91-9975711305,sarah.rivera7@example.com
8,Mark Marsh,+91-8851027261,mark.marsh8@example.com
9,Craig Martinez,+91-6373516091,craig.martinez9@example.com
10,Joanna Barrett,+91-8270808697,joanna.barrett10@example.com
11,Priscilla Kent,+91-9221699586,priscilla.kent11@example.com
12,Lee Schwartz,+91-3465472269,lee.schwartz12@example.com
13,Nicole Evans,+91-8583339452,nicole.evans13@example.com
14,Miss Tina Gordon,+91-5158799684,miss.tina.gordon14@example.com
15,Jenny Smith,+91-1062003424,jenny.smith15@example.com
16,Brianna Brown,+91-4380571983,brianna.brown16@example.com
17,Kristina Young,+91-4066658004,kristina.young17@example.com
18,Sean Dalton,+91-7359893347,sean.dalton18@example.com
19,Michael Lopez,+91-2816064842,michael.lopez19@example.com
20,Ryan Smith,+91-7202590947,ryan.smith20@example.com
21,Krista Jones,+91-5832818268,krista.jones21@example.com
22,Anna Walker,+91-3555439878,anna.walker22@example.com
23,Veronica Smith,+91-5739930561,veronica.smith23@example.com
24,Joshua Campbell,+91-8588770435,joshua.campbell24@example.com
25,Tiffany Jackson,+91-8801336138,tiffany.jackson25@example.com
26,Sherry Figueroa,+91-6120750110,sherry.figueroa26@example.com
27,David Jones,+91-3466766506,david.jones27@example.com
28,Kimberly May,+91-9190158144,kimberly.may28@example.com
29,Diane Mcintosh,+91-6607283268,diane.mcintosh29@example.com
30,Mark Evans,+91-5088210099,mark.evans30@example.com
31,Joshua Miller,+91-3536822239,joshua.miller31@example.com
32,Cheyenne White,+91-9087814141,cheyenne.white32@example.com
33,Kevin Lynn,+91-5231491357,kevin.lynn33@example.com
34,Luis Torres,+91-9299556205,luis.torres34@example.com
35,Daniel Singh,+91-6452577754,daniel.singh35@example.com
36,Mr. Matthew Miller,+91-4283411080,mr..matthew.miller36@example.com
37,Lauren Hammond,+91-3084887256,lauren.hammond37@example.com
38,Raymond Quinn,+91-4278816580,raymond.quinn38@example.com
39,Sarah Drake,+91-9282722992,sarah.drake39@example.com
40,Karen Howard,+91-3731453038,karen.howard40@example.com
41,Heather Harrison,+91-7005184498,heather.harrison41@example.com
42,Jamie Gray,+91-9184638655,jamie.gray42@example.com
43,Mr. Larry Shaw,+91-2723184322,mr..larry.shaw43@example.com
44,Lance Montoya,+91-3651777392,lance.montoya44@example.com
45,Jennifer Sanchez,+91-2992280920,jennifer.sanchez45@example.com
46,Thomas Black,+91-6990413797,thomas.black46@example.com
47,Carolyn Greer,+91-9292984257,carolyn.greer47@example.com
48,Andrea Gray,+91-2103886291,andrea.gray48@example.com
49,Steven Greene,+91-8811729806,steven.greene49@example.com
50,Jacqueline Williams,+91-8637659916,jacqueline.williams50@example.com
51,John Hall,+91-1498643009,john.hall51@example.com
52,Kelly Brooks,+91-3565126944,kelly.brooks52@example.com
53,Jessica Diaz,+91-4636887258,jessica.diaz53@example.com
54,Dawn Parker,+91-5621372138,dawn.parker54@example.com
55,George Pierce,+91-0260127961,george.pierce55@example.com
56,Daniel Miller,+91-0669849027,daniel.miller56@example.com
57,Dakota Sandoval,+91-8430988392,dakota.sandoval57@example.com
58,Heather Pena,+91-2146566938,heather.pena58@example.com
59,Michael Calhoun,+91-8489554393,michael.calhoun59@example.com
60,Jared Smith,+91-2681818451,jared.smith60@example.com
61,Tina Walter,+91-9476973577,tina.walter61@example.com
62,Shannon Olson,+91-4163356588,shannon.olson62@example.com
63,Ronnie Wright,+91-1651827553,ronnie.wright63@example.com
64,Debra Valentine,+91-3733343333,debra.valentine64@example.com
65,Heather Maxwell,+91-1179080759,heather.maxwell65@example.com
66,Steven Ibarra,+91-9472846392,steven.ibarra66@example.com
67,Robert Mendoza,+91-8085627187,robert.mendoza67@example.com
68,Adam Craig,+91-6915594284,adam.craig68@example.com
69,John Austin,+91-5276365564,john.austin69@example.com
70,Kenneth Krause,+91-3143866322,kenneth.krause70@example.com
71,Adam Fisher,+91-2885744890,adam.fisher71@example.com
72,Michael Brown,+91-4717545588,michael.brown72@example.com
73,Deanna Smith,+91-1593998245,deanna.smith73@example.com
74,Jordan Hampton,+91-7169472256,jordan.hampton74@example.com
75,Laura Sweeney,+91-1125355449,laura.sweeney75@example.com
76,Denise Wallace,+91-5987622023,denise.wallace76@example.com
77,Teresa Haynes,+91-1326111780,teresa.haynes77@example.com
78,James Hubbard,+91-1149216433,james.hubbard78@example.com
79,Jessica Martinez,+91-8200557784,jessica.martinez79@example.com
80,Brandy Fry,+91-8299796884,brandy.fry80@example.com
81,Karen Perez,+91-1745642400,karen.perez81@example.com
82,Olivia Taylor,+91-4780774064,olivia.taylor82@example.com
83,Rebecca Kelley,+91-3686632663,rebecca.kelley83@example.com
84,Jay Allen,+91-9448463122,jay.allen84@example.com
85,Mark Williamson,+91-4973502080,mark.williamson85@example.com
86,Brian Adams,+91-7031207356,brian.adams86@example.com
87,Robert Bolton,+91-7051204618,robert.bolton87@example.com
88,Corey Skinner,+91-6013673037,corey.skinner88@example.com
89,Anna Wade,+91-3764520881,anna.wade89@example.com
90,Mark Gonzalez,+91-0313650249,mark.gonzalez90@example.com
91,Richard Smith,+91-0979251327,richard.smith91@example.com
92,Luke Galvan,+91-0052812735,luke.galvan92@example.com
93,Dr. Nicole Trujillo,+91-7306524077,dr..nicole.trujillo93@example.com
94,Kimberly Henry,+91-9285574982,kimberly.henry94@example.com
95,Christopher Phillips,+91-4857086209,christopher.phillips95@example.com
96,Patty Allen,+91-1863878294,patty.allen96@example.com
97,Martin Rodriguez,+91-8102203173,martin.rodriguez97@example.com
98,Kenneth Huff,+91-7899405391,kenneth.huff98@example.com
99,Thomas Rios,+91-1705865094,thomas.rios99@example.com
100,Morgan Davenport,+91-1381138633,morgan.davenport100@example.com
101,Danielle Garrett,+91-2886195761,danielle.garrett101@example.com
102,Christopher Morales,+91-5289755855,christopher.morales102@example.com
103,Mark Mckenzie,+91-5939836845,mark.mckenzie103@example.com
104,Jillian Sanders,+91-0490824043,jillian.sanders104@example.com
105,Ethan Ingram,+91-4888992107,ethan.ingram105@example.com
106,Charles Richardson,+91-9334419693,charles.richardson106@example.com
107,Misty Mcguire,+91-2791940961,misty.mcguire107@example.com
108,Tammy Cook,+91-6613906048,tammy.cook108@example.com
109,Joshua Hernandez,+91-8320679981,joshua.hernandez109@example.com
110,Dylan Foster,+91-2517908641,dylan.foster110@example.com
111,Jeffrey Wolfe,+91-2783769389,jeffrey.wolfe111@example.com
112,Kelly Allen MD,+91-6591166553,kelly.allen.md112@example.com
113,Kirk Johnson,+91-4259792703,kirk.johnson113@example.com
114,James Todd,+91-1103924051,james.todd114@example.com
115,John Rivera,+91-8338848792,john.rivera115@example.com
116,Mary Bennett,+91-8042043940,mary.bennett116@example.com
117,Tony Jones,+91-4510463681,tony.jones117@example.com
118,Kari Harper,+91-1238780038,kari.harper118@example.com
119,John Garner,+91-0555438404,john.garner119@example.com
120,Stefanie Briggs,+91-0843256216,stefanie.briggs120@example.com
121,Megan Salas,+91-3639264957,megan.salas121@example.com
122,Christine Taylor,+91-8324826292,christine.taylor122@example.com
123,Justin Fry,+91-1252056647,justin.fry123@example.com
124,Samantha Walsh,+91-4231220994,samantha.walsh124@example.com
125,Lisa Carlson,+91-3051728975,lisa.carlson125@example.com
126,James Wells,+91-2330604633,james.wells126@example.com
127,Andrea Ho,+91-7975736609,andrea.ho127@example.com
128,Jamie Edwards,+91-9998808177,jamie.edwards128@example.com
129,Amanda Forbes,+91-8860868034,amanda.forbes129@example.com
130,Stephen Ayala,+91-4726490827,stephen.ayala130@example.com
131,Jocelyn Sharp,+91-1298266570,jocelyn.sharp131@example.com
132,Kevin Marquez,+91-3714521117,kevin.marquez132@example.com
133,Angela Zimmerman,+91-8926860259,angela.zimmerman133@example.com
134,Shari Martin,+91-2206447421,shari.martin134@example.com
135,Toni Smith,+91-4077780973,toni.smith135@example.com
136,Matthew Chavez,+91-7199038498,matthew.chavez136@example.com
137,Christine Lopez,+91-0502099451,christine.lopez137@example.com
138,Jason Thompson,+91-4999827950,jason.thompson138@example.com
139,Edwin Richardson,+91-6168147214,edwin.richardson139@example.com
140,Jason Clark,+91-3901981794,jason.clark140@example.com
141,Ryan Green,+91-9952997877,ryan.green141@example.com
142,Sophia Hall,+91-4301071396,sophia.hall142@example.com
143,Gene Castro,+91-3034414488,gene.castro143@example.com
144,Aaron Jennings,+91-5699023557,aaron.jennings144@example.com
145,Rebecca Brewer,+91-7278576084,rebecca.brewer145@example.com
146,Megan Peters,+91-0395512405,megan.peters146@example.com
147,Miss Sarah Duncan,+91-6291450461,miss.sarah.duncan147@example.com
148,David Hayes DVM,+91-3842150317,david.hayes.dvm148@example.com
149,Rebecca Stein,+91-2357845218,rebecca.stein149@example.com
150,Brandi Hardy,+91-7681040915,brandi.hardy150@example.com
151,Angel Meyer,+91-4094353344,angel.meyer151@example.com
152,Patricia Lambert,+91-4224109881,patricia.lambert152@example.com
153,Gregory Flores,+91-2493214958,gregory.flores153@example.com
154,Carlos Ruiz,+91-0160166299,carlos.ruiz154@example.com
155,Melissa Griffin,+91-5453817921,melissa.griffin155@example.com
156,Tamara Mcdonald,+91-7477332945,tamara.mcdonald156@example.com
157,Michael Ortega,+91-5770171577,michael.ortega157@example.com
158,Diane Bailey,+91-9281615814,diane.bailey158@example.com
159,Jennifer Gutierrez,+91-9382761539,jennifer.gutierrez159@example.com
160,William Bradley,+91-5832197199,william.bradley160@example.com
161,Justin Short,+91-2461919657,justin.short161@example.com
162,Amy Robinson,+91-2902278469,amy.robinson162@example.com
163,Christina Maldonado,+91-5494651909,christina.maldonado163@example.com
164,Mrs. Bethany Phillips,+91-5800851403,mrs..bethany.phillips164@example.com
165,Kevin Garrett,+91-6666832723,kevin.garrett165@example.com
166,Sarah Ward,+91-6242201027,sarah.ward166@example.com
167,Vanessa Taylor,+91-2679692786,vanessa.taylor167@example.com
168,Joanna Kelly,+91-2690973846,joanna.kelly168@example.com
169,Laura Johnson,+91-0975197128,laura.johnson169@example.com
170,Dr. Peggy Marshall,+91-1891371894,dr..peggy.marshall170@example.com
171,Stephanie Nichols,+91-0778795654,stephanie.nichols171@example.com
172,Andrew Livingston,+91-4940792904,andrew.livingston172@example.com
173,Lori Mitchell,+91-1281442944,lori.mitchell173@example.com
174,Alexis Rodriguez,+91-2927524372,alexis.rodriguez174@example.com
175,Shannon Cooper,+91-1292766372,shannon.cooper175@example.com
176,Nicholas Reed,+91-4102767478,nicholas.reed176@example.com
177,Michael Price,+91-4286047658,michael.price177@example.com
178,Amanda Hardin,+91-5694544149,amanda.hardin178@example.com
179,Raymond Curry,+91-9385258001,raymond.curry179@example.com
180,Brent Garcia,+91-7534430091,brent.garcia180@example.com
181,Kristopher Shannon,+91-3911192692,kristopher.shannon181@example.com
182,Melissa King,+91-7174654214,melissa.king182@example.com
183,Janet Cook,+91-0442717396,janet.cook183@example.com
184,Johnathan Thomas,+91-6391741011,johnathan.thomas184@example.com
185,Danielle Griffin,+91-7200642569,danielle.griffin185@example.com
186,Michael Wise,+91-7661830671,michael.wise186@example.com
187,Taylor Howard,+91-4601585174,taylor.howard187@example.com
188,Cassandra Williams,+91-6346157173,cassandra.williams188@example.com
189,Corey Cortez,+91-9376184787,corey.cortez189@example.com
190,Alexis Morgan,+91-5061387829,alexis.morgan190@example.com
191,Benjamin Moss,+91-7079032020,benjamin.moss191@example.com
192,Samantha Davis,+91-9291117993,samantha.davis192@example.com
193,Dale Rogers,+91-6519825309,dale.rogers193@example.com
194,Arthur Hill,+91-6258273902,arthur.hill194@example.com
195,Ryan Salazar,+91-2071002194,ryan.salazar195@example.com
196,Robert Barton,+91-2324876329,robert.barton196@example.com
197,Linda Love,+91-9145608331,linda.love197@example.com
198,Dr. Lisa Huffman,+91-8837340312,dr..lisa.huffman198@example.com
199,Tracy Wells,+91-2200543645,tracy.wells199@example.com
200,Stefanie Chavez,+91-1082207811,stefanie.chavez200@example.com
201,Mikayla Watkins,+91-5635315313,mikayla.watkins201@example.com
202,Sheila Bennett,+91-3179706239,sheila.bennett202@example.com
203,James Taylor,+91-3543520904,james.taylor203@example.com
204,Samuel Ellis,+91-2534929298,samuel.ellis204@example.com
205,Angelica Vincent,+91-7397740633,angelica.vincent205@example.com
206,Kevin Snow,+91-9290600780,kevin.snow206@example.com
207,James Pacheco,+91-1773180632,james.pacheco207@example.com
208,David Duarte,+91-0742799077,david.duarte208@example.com
209,Shelly Sullivan,+91-5701658046,shelly.sullivan209@example.com
210,Melissa Salazar,+91-9319508501,melissa.salazar210@example.com
211,John Williams,+91-5281832538,john.williams211@example.com
212,John Crosby,+91-9335548640,john.crosby212@example.com
213,Gregory Tucker,+91-8178847951,gregory.tucker213@example.com
214,Stephen Miller,+91-6241124127,stephen.miller214@example.com
215,Dan Crane,+91-0468275670,dan.crane215@example.com
216,Arthur Wiggins,+91-3856955798,arthur.wiggins216@example.com
217,Jill Torres,+91-2424375402,jill.torres217@example.com
218,Jesus Jackson,+91-2842222310,jesus.jackson218@example.com
219,Laura Alexander MD,+91-3805525782,laura.alexander.md219@example.com
220,Barbara Johnson,+91-7275208854,barbara.johnson220@example.com
221,Dylan Raymond,+91-9297517028,dylan.raymond221@example.com
222,Alexander Williamson,+91-3751509398,alexander.williamson222@example.com
223,Timothy Ramirez,+91-0187186375,timothy.ramirez223@example.com
224,Kayla Brown,+91-5626565045,kayla.brown224@example.com
225,William Sawyer,+91-1376742662,william.sawyer225@example.com
226,Linda Thomas,+91-4785196106,linda.thomas226@example.com
227,Denise Thompson,+91-7923264870,denise.thompson227@example.com
228,Elizabeth Richards,+91-7873002447,elizabeth.richards228@example.com
229,Maxwell Roberts,+91-2730147195,maxwell.roberts229@example.com
230,Krystal Oneill,+91-7158904290,krystal.oneill230@example.com
231,Joel Steele,+91-5204565044,joel.steele231@example.com
232,Taylor Palmer,+91-2192855445,taylor.palmer232@example.com
233,Kevin Morrow,+91-0284576521,kevin.morrow233@example.com
234,Jonathan Decker,+91-8988816711,jonathan.decker234@example.com
235,Tammy Mendoza,+91-4527985240,tammy.mendoza235@example.com
236,Barbara Anderson,+91-2342321611,barbara.anderson236@example.com
237,John Reynolds,+91-3108907140,john.reynolds237@example.com
238,Michael Webster,+91-1939325012,michael.webster238@example.com
239,Teresa Rush,+91-5528938911,teresa.rush239@example.com
240,Pamela Rice,+91-3428013875,pamela.rice240@example.com
241,Cathy Nunez,+91-1256638361,cathy.nunez241@example.com
242,Emily Owens,+91-8275480157,emily.owens242@example.com
243,Drew Burke,+91-4738646317,drew.burke243@example.com
244,Holly Smith,+91-7167811266,holly.smith244@example.com
245,Vanessa Figueroa,+91-2153539613,vanessa.figueroa245@example.com
246,Molly Ramirez,+91-9946579678,molly.ramirez246@example.com
247,Randy Rodriguez,+91-4773201017,randy.rodriguez247@example.com
248,Valerie Reyes,+91-5249911877,valerie.reyes248@example.com
249,Matthew Henry,+91-4858800616,matthew.henry249@example.com
250,Samuel Ramos,+91-0028427624,samuel.ramos250@example.com
251,Katherine Rodriguez,+91-7889778280,katherine.rodriguez251@example.com
252,Johnny Arellano,+91-9545009025,johnny.arellano252@example.com
253,Patrick Johnson,+91-5616556503,patrick.johnson253@example.com
254,Matthew Watkins,+91-1415208507,matthew.watkins254@example.com
255,Jenny Robertson,+91-6407905696,jenny.robertson255@example.com
256,Brent Freeman,+91-3578529456,brent.freeman256@example.com
257,Mark Dickson,+91-1834404963,mark.dickson257@example.com
258,Tina Robbins,+91-9195419876,tina.robbins258@example.com
259,Robert Pearson,+91-4846853664,robert.pearson259@example.com
260,Jody Hines,+91-2082973748,jody.hines260@example.com
261,Sarah Meadows,+91-9083572324,sarah.meadows261@example.com
262,Jennifer Dalton,+91-1364424936,jennifer.dalton262@example.com
263,Chris Johnson,+91-4778660324,chris.johnson263@example.com
264,David Lara,+91-8207001594,david.lara264@example.com
265,Stephanie Russell,+91-5162319818,stephanie.russell265@example.com
266,Lauren Hampton,+91-8471391559,lauren.hampton266@example.com
267,Renee Manning,+91-6321234764,renee.manning267@example.com
268,Amy Ferguson,+91-1586734257,amy.ferguson268@example.com
269,Samantha Smith,+91-9003486451,samantha.smith269@example.com
270,Cynthia Ramos,+91-0644134327,cynthia.ramos270@example.com
271,Sherry Wang,+91-6041776561,sherry.wang271@example.com
272,Melissa Hunter,+91-5698570027,melissa.hunter272@example.com
273,Brandy Morales,+91-4591123829,brandy.morales273@example.com
274,Rebecca Flores,+91-7242954316,rebecca.flores274@example.com
275,James Bennett,+91-9300893173,james.bennett275@example.com
276,Samuel Williams,+91-9694215291,samuel.williams276@example.com
277,Joseph Ayala,+91-7713334476,joseph.ayala277@example.com
278,Scott Greene,+91-4362620443,scott.greene278@example.com
279,Susan Wood,+91-7107256366,susan.wood279@example.com
280,Dawn Davis,+91-0053759900,dawn.davis280@example.com
281,Manuel Turner,+91-6528092428,manuel.turner281@example.com
282,Gerald Mcdonald Jr.,+91-8624150274,gerald.mcdonald.jr.282@example.com
283,Tammy Campbell,+91-4948562572,tammy.campbell283@example.com
284,Tammy Fields,+91-7032032074,tammy.fields284@example.com
285,John Wilson,+91-7075877712,john.wilson285@example.com
286,Brandon Oneill,+91-2284993908,brandon.oneill286@example.com
287,Catherine Knapp,+91-3715041659,catherine.knapp287@example.com
288,Ashley Morris,+91-0177749050,ashley.morris288@example.com
289,Tiffany Nguyen,+91-9230450189,tiffany.nguyen289@example.com
290,James Thompson,+91-6103266421,james.thompson290@example.com
291,Robert Fitzgerald,+91-4925158377,robert.fitzgerald291@example.com
292,Karen Hart,+91-6165926610,karen.hart292@example.com
293,Valerie Rhodes,+91-2788147617,valerie.rhodes293@example.com
294,William Sutton,+91-4386490810,william.sutton294@example.com
295,Kayla Gutierrez,+91-7945491801,kayla.gutierrez295@example.com
296,Julie Hartman,+91-6016459779,julie.hartman296@example.com
297,Gloria Hull,+91-2321941680,gloria.hull297@example.com
298,Bruce Jackson,+91-7769749956,bruce.jackson298@example.com
299,Anita Taylor,+91-3103037236,anita.taylor299@example.com
300,Shannon Ryan,+91-1472760122,shannon.ryan300@example.com
301,Jill Washington,+91-0793349605,jill.washington301@example.com
302,Mark Marquez,+91-6799840767,mark.marquez302@example.com
303,Misty Mcconnell,+91-7308069581,misty.mcconnell303@example.com
304,Matthew Small,+91-1795760243,matthew.small304@example.com
305,Jeffrey Romero,+91-9597246657,jeffrey.romero305@example.com
306,Sarah Howell,+91-4172232971,sarah.howell306@example.com
307,Terri Snyder,+91-3380054522,terri.snyder307@example.com
308,Stephanie Johnson,+91-1561931837,stephanie.johnson308@example.com
309,Gerald Kelly,+91-0842891077,gerald.kelly309@example.com
310,Nicole Villegas,+91-9918081213,nicole.villegas310@example.com
311,Brooke Carter,+91-7871255213,brooke.carter311@example.com
312,Jason Mack,+91-3754821456,jason.mack312@example.com
313,Maurice Hernandez,+91-8632666785,maurice.hernandez313@example.com
314,Jessica Carrillo,+91-8115562606,jessica.carrillo314@example.com
315,Mary May,+91-9084668455,mary.may315@example.com
316,Douglas Rose,+91-2673899756,douglas.rose316@example.com
317,Shirley Miller,+91-8562884318,shirley.miller317@example.com
318,Kelly Sherman,+91-2008943468,kelly.sherman318@example.com
319,Anthony Watson,+91-8510174907,anthony.watson319@example.com
320,David Reese,+91-9989354492,david.reese320@example.com
321,Kelly Wright,+91-5893571266,kelly.wright321@example.com
322,Antonio Beasley,+91-7371586988,antonio.beasley322@example.com
323,Shelby Silva,+91-6776228277,shelby.silva323@example.com
324,Michael Boyer,+91-1377028519,michael.boyer324@example.com
325,Ashley Wood,+91-4082154544,ashley.wood325@example.com
326,Dr. Charles Lawrence,+91-0443270185,dr..charles.lawrence326@example.com
327,Andrew Olson,+91-4975679228,andrew.olson327@example.com
328,Pamela Contreras,+91-2519966365,pamela.contreras328@example.com
329,Tina Wu,+91-4120948181,tina.wu329@example.com
330,Luke Ray,+91-0983780182,luke.ray330@example.com
331,Denise Harris,+91-9718956907,denise.harris331@example.com
332,Allison Kim,+91-6085641118,allison.kim332@example.com
333,Charles Scott,+91-1246209520,charles.scott333@example.com
334,Elizabeth Garcia,+91-2654610339,elizabeth.garcia334@example.com
335,Katherine Goodwin,+91-6140578617,katherine.goodwin335@example.com
336,Mark Mcintyre,+91-0489138249,mark.mcintyre336@example.com
337,Bradley Fields,+91-3258238687,bradley.fields337@example.com
338,Robert Woodward,+91-9420074946,robert.woodward338@example.com
339,Dr. Christy Pittman MD,+91-2891416128,dr..christy.pittman.md339@example.com
340,Dr. Christine Wagner PhD,+91-5474355379,dr..christine.wagner.phd340@example.com
341,Thomas Anderson,+91-0970026876,thomas.anderson341@example.com
342,Rachel Banks,+91-1807156956,rachel.banks342@example.com
343,Randy Terry,+91-0175370304,randy.terry343@example.com
344,Michelle Lee,+91-9433750479,michelle.lee344@example.com
345,Craig Nicholson,+91-6149872839,craig.nicholson345@example.com
346,Lindsey Thompson,+91-9212493843,lindsey.thompson346@example.com
347,Allison Booker,+91-8948706056,allison.booker347@example.com
348,Jennifer Martinez,+91-8775803046,jennifer.martinez348@example.com
349,Emily Myers,+91-5190361332,emily.myers349@example.com
350,Arthur Garrett,+91-0760954317,arthur.garrett350@example.com
351,Glen Brown,+91-5831997179,glen.brown351@example.com
352,William Rangel,+91-6512070496,william.rangel352@example.com
353,Michael Hansen,+91-4661963990,michael.hansen353@example.com
354,John Patterson,+91-9915078593,john.patterson354@example.com
355,Adam Reeves,+91-9392845679,adam.reeves355@example.com
356,David Robles,+91-0249685498,david.robles356@example.com
357,Brittany Parker,+91-5450892038,brittany.parker357@example.com
358,Kristin Brown,+91-5333153779,kristin.brown358@example.com
359,Sarah Knight,+91-5946521707,sarah.knight359@example.com
360,Aaron Walker,+91-3793375636,aaron.walker360@example.com
361,William Cox,+91-1508124739,william.cox361@example.com
362,Heather Hester,+91-3342342583,heather.hester362@example.com
363,Alex Cameron,+91-1026153473,alex.cameron363@example.com
364,Jaime Jackson,+91-8961122338,jaime.jackson364@example.com
365,James Greene,+91-3099384253,james.greene365@example.com
366,Robert Salas,+91-8973179128,robert.salas366@example.com
367,Stephen Potter,+91-5787255877,stephen.potter367@example.com
368,Kevin Little,+91-9033373634,kevin.little368@example.com
369,James Moore,+91-5481214785,james.moore369@example.com
370,Andrew Hunt,+91-5677665754,andrew.hunt370@example.com
371,Christopher Hall,+91-1514888143,christopher.hall371@example.com
372,Benjamin Johnson,+91-3535444392,benjamin.johnson372@example.com
373,Dr. Nancy Gaines MD,+91-4456690782,dr..nancy.gaines.md373@example.com
374,Crystal Cummings,+91-3738987751,crystal.cummings374@example.com
375,Cole Carrillo,+91-6377805292,cole.carrillo375@example.com
376,Oscar Porter,+91-5536668459,oscar.porter376@example.com
377,Richard Weeks,+91-2599996636,richard.weeks377@example.com
378,James Wells,+91-5974121820,james.wells378@example.com
379,Lindsey Johnson,+91-3164334817,lindsey.johnson379@example.com
380,Joseph Jackson,+91-6621286716,joseph.jackson380@example.com
381,Sharon Anderson,+91-3467299493,sharon.anderson381@example.com
382,Melinda Hill,+91-0271693859,melinda.hill382@example.com
383,Julia Johnston,+91-1475469263,julia.johnston383@example.com
384,Luke Reynolds,+91-6291603248,luke.reynolds384@example.com
385,Thomas Wolfe,+91-3768151185,thomas.wolfe385@example.com
386,Christopher Clark,+91-0701765636,christopher.clark386@example.com
387,David Fletcher,+91-2577711837,david.fletcher387@example.com
388,Robert Skinner,+91-2091241862,robert.skinner388@example.com
389,Phillip Byrd,+91-2752308370,phillip.byrd389@example.com
390,Robin Davidson,+91-1647090063,robin.davidson390@example.com
391,Jade Allen,+91-1060053131,jade.allen391@example.com
392,Sandra Jackson,+91-2068155839,sandra.jackson392@example.com
393,Joshua Mcmillan,+91-1331552065,joshua.mcmillan393@example.com
394,Daniel Robinson,+91-4950136497,daniel.robinson394@example.com
395,Mrs. Kimberly Mooney,+91-9241956252,mrs..kimberly.mooney395@example.com
396,Stacey Stewart,+91-7150997683,stacey.stewart396@example.com
397,Michele Smith,+91-0914363910,michele.smith397@example.com
398,Jonathan Harris,+91-6303975245,jonathan.harris398@example.com
399,Paige Meyer,+91-6403553380,paige.meyer399@example.com
400,Mary Wright,+91-3968527017,mary.wright400@example.com
401,Corey Walters,+91-2321298338,corey.walters401@example.com
402,Neil Collins,+91-3362934497,neil.collins402@example.com
403,Christina Huffman,+91-7156627768,christina.huffman403@example.com
404,Jessica Moore,+91-7066149828,jessica.moore404@example.com
405,Dawn Ford,+91-7468971527,dawn.ford405@example.com
406,Thomas Smith,+91-8576665674,thomas.smith406@example.com
407,Leah Ortiz,+91-0169236458,leah.ortiz407@example.com
408,Madison Richardson,+91-0663370502,madison.richardson408@example.com
409,Jesus Becker,+91-4399201166,jesus.becker409@example.com
410,Valerie Miller,+91-3626448869,valerie.miller410@example.com
411,Jason Walter,+91-1195243640,jason.walter411@example.com
412,Dr. April Jones,+91-6864622522,dr..april.jones412@example.com
413,Christopher Fry,+91-7932302346,christopher.fry413@example.com
414,Thomas Rodriguez,+91-2141614150,thomas.rodriguez414@example.com
415,Karen Chambers,+91-1004090138,karen.chambers415@example.com
416,Jaime Meyer,+91-4775965555,jaime.meyer416@example.com
417,Teresa Ortega,+91-6905510762,teresa.ortega417@example.com
418,Bryce Schmidt,+91-3579786305,bryce.schmidt418@example.com
419,Isaac Williams,+91-5739769156,isaac.williams419@example.com
420,Teresa Alvarez,+91-1649328980,teresa.alvarez420@example.com
421,Robert Turner,+91-8727178333,robert.turner421@example.com
422,Tony Graves,+91-1602564347,tony.graves422@example.com
423,Meagan Wade,+91-8715399156,meagan.wade423@example.com
424,Natalie Hardy,+91-8633414111,natalie.hardy424@example.com
425,Kevin Lopez,+91-1952569040,kevin.lopez425@example.com
426,Cheryl Price,+91-6552899316,cheryl.price426@example.com
427,Samuel Stewart,+91-4377294209,samuel.stewart427@example.com
428,Jonathan Barker,+91-4973746052,jonathan.barker428@example.com
429,Christine Oconnor,+91-3027642086,christine.oconnor429@example.com
430,Michael Mooney,+91-6618443861,michael.mooney430@example.com
431,Paul Carpenter,+91-0472927742,paul.carpenter431@example.com
432,Robert Gonzalez,+91-0591266201,robert.gonzalez432@example.com
433,John Landry,+91-1859626301,john.landry433@example.com
434,John Watts,+91-2617647501,john.watts434@example.com
435,Bryan May,+91-8309997419,bryan.may435@example.com
436,John Newman,+91-6492151826,john.newman436@example.com
437,Alicia Hawkins,+91-8871898131,alicia.hawkins437@example.com
438,Kyle White,+91-8751029321,kyle.white438@example.com
439,Sarah Johnson,+91-1845826034,sarah.johnson439@example.com
440,Tracy Conway,+91-4872975859,tracy.conway440@example.com
441,Christine Garcia,+91-0303243298,christine.garcia441@example.com
442,Ian Anderson,+91-9618446267,ian.anderson442@example.com
443,David Coleman,+91-2831435989,david.coleman443@example.com
444,Roberto Stewart,+91-6609314181,roberto.stewart444@example.com
445,Jennifer Murphy,+91-1554234016,jennifer.murphy445@example.com
446,Courtney Lynn,+91-1284971859,courtney.lynn446@example.com
447,Kristen Lawson,+91-0256258896,kristen.lawson447@example.com
448,Cameron Smith,+91-8222694053,cameron.smith448@example.com
449,Jennifer Ellis,+91-7578446834,jennifer.ellis449@example.com
450,Angie Torres,+91-5111312901,angie.torres450@example.com
451,Kristen Vasquez,+91-0682778816,kristen.vasquez451@example.com
452,Connor Guerra,+91-0685389097,connor.guerra452@example.com
453,Megan Macias,+91-8321528506,megan.macias453@example.com
454,Christopher Booker MD,+91-3814474430,christopher.booker.md454@example.com
455,Laura Robinson,+91-4807970509,laura.robinson455@example.com
456,Edwin Rodriguez,+91-5265016731,edwin.rodriguez456@example.com
457,Stephanie Jenkins,+91-7024376545,stephanie.jenkins457@example.com
458,Clarence Cain,+91-1772256053,clarence.cain458@example.com
459,Dustin Anderson,+91-6502374167,dustin.anderson459@example.com
460,Rebecca Klein,+91-5686211022,rebecca.klein460@example.com
461,Adam Cohen,+91-0569067447,adam.cohen461@example.com
462,Jeffrey Williamson,+91-8234143637,jeffrey.williamson462@example.com
463,Rhonda Haynes,+91-8923923126,rhonda.haynes463@example.com
464,William Hickman,+91-6093106684,william.hickman464@example.com
465,Veronica Walker,+91-6708604145,veronica.walker465@example.com
466,Gregory Barnes,+91-5020005347,gregory.barnes466@example.com
467,Lawrence Jordan,+91-4755411082,lawrence.jordan467@example.com
468,Patrick Ward,+91-9895343961,patrick.ward468@example.com
469,Bianca Newton,+91-1093371189,bianca.newton469@example.com
470,Nicholas Mayo,+91-3820236848,nicholas.mayo470@example.com
471,Stephanie West,+91-1617688029,stephanie.west471@example.com
472,Walter Roberts,+91-9036788127,walter.roberts472@example.com
473,Janet Chan,+91-6943202939,janet.chan473@example.com
474,Sherry Gibbs,+91-7884434481,sherry.gibbs474@example.com
475,Angel Allen,+91-0242403381,angel.allen475@example.com
476,Gregory Jacobs,+91-5518426945,gregory.jacobs476@example.com
477,Miss Alexandra Kelly,+91-4240891649,miss.alexandra.kelly477@example.com
478,Ruth Walker,+91-4396273652,ruth.walker478@example.com
479,Anna White,+91-2239724042,anna.white479@example.com
480,Ruth Mcdaniel,+91-3121637618,ruth.mcdaniel480@example.com
481,Paul Smith,+91-1660100231,paul.smith481@example.com
482,Todd Greene,+91-0185132797,todd.greene482@example.com
483,Elizabeth Mendoza,+91-3084810018,elizabeth.mendoza483@example.com
484,Jorge Copeland,+91-2030366254,jorge.copeland484@example.com
485,Shawn Cruz,+91-1721314519,shawn.cruz485@example.com
486,Isaac Middleton,+91-1092268592,isaac.middleton486@example.com
487,Brittany Contreras,+91-4945147541,brittany.contreras487@example.com
488,Shannon Spence,+91-2526771196,shannon.spence488@example.com
489,Diana Davis,+91-2265576769,diana.davis489@example.com
490,Felicia Pham,+91-3668788788,felicia.pham490@example.com
491,Janice Carpenter,+91-6893135030,janice.carpenter491@example.com
492,John Anderson,+91-1055247286,john.anderson492@example.com
493,Ronald Brown,+91-2126065019,ronald.brown493@example.com
494,Ryan Harrell,+91-0252131096,ryan.harrell494@example.com
495,Clarence Manning,+91-8476570412,clarence.manning495@example.com
496,Marvin Munoz,+91-2820667849,marvin.munoz496@example.com
497,Michelle Henderson,+91-2418623690,michelle.henderson497@example.com
498,Clinton Reese,+91-8917756620,clinton.reese498@example.com
499,Maria Lee,+91-1115950342,maria.lee499@example.com
500,Ana Harper,+91-4383034199,ana.harper500@example.com
501,William Webb,+91-0514054683,william.webb501@example.com
502,James Kelly,+91-2156818209,james.kelly502@example.com
503,Karen Melton,+91-0422711332,karen.melton503@example.com
504,Candace Stuart,+91-8985725459,candace.stuart504@example.com
505,Jessica Macdonald,+91-6339912971,jessica.macdonald505@example.com
506,Brenda Harrell,+91-8171752421,brenda.harrell506@example.com
507,Jack Davis,+91-2747472197,jack.davis507@example.com
508,Scott Morales,+91-9275895516,scott.morales508@example.com
509,Deborah Hutchinson,+91-0903802146,deborah.hutchinson509@example.com
510,James Jones,+91-6715778711,james.jones510@example.com
511,Brian Moyer,+91-6636515597,brian.moyer511@example.com
512,Patrick Wilson,+91-7082723590,patrick.wilson512@example.com
513,Patricia Brown PhD,+91-6730306442,patricia.brown.phd513@example.com
514,Benjamin Sullivan,+91-4768342016,benjamin.sullivan514@example.com
515,Paul Martin,+91-5677826596,paul.martin515@example.com
516,Kristina English,+91-3199255027,kristina.english516@example.com
517,Kathryn Stewart,+91-6480727910,kathryn.stewart517@example.com
518,William Fisher,+91-8296353390,william.fisher518@example.com
519,Jack Turner,+91-4817766558,jack.turner519@example.com
520,William Rogers,+91-2765289286,william.rogers520@example.com
521,Ryan Barker,+91-6491111096,ryan.barker521@example.com
522,Paul Hanson,+91-8178904633,paul.hanson522@example.com
523,Kristen Wilson,+91-7157660538,kristen.wilson523@example.com
524,Shawn Baker,+91-6306000258,shawn.baker524@example.com
525,Lindsay Rogers,+91-9638639609,lindsay.rogers525@example.com
526,Todd Myers,+91-2658263128,todd.myers526@example.com
527,Kenneth Myers,+91-4825311060,kenneth.myers527@example.com
528,Leslie Johnson,+91-8196027523,leslie.johnson528@example.com
529,Courtney Lee,+91-3640412091,courtney.lee529@example.com
530,Timothy Martinez,+91-2442117536,timothy.martinez530@example.com
531,Robert Gutierrez,+91-7136657224,robert.gutierrez531@example.com
532,Christopher Bradley,+91-9015579980,christopher.bradley532@example.com
533,Patrick House,+91-3908088235,patrick.house533@example.com
534,Daniel Murphy,+91-3124473158,daniel.murphy534@example.com
535,Julie Lamb,+91-6863423461,julie.lamb535@example.com
536,Pamela Collins,+91-3767694591,pamela.collins536@example.com
537,Jessica Bradley,+91-5172084964,jessica.bradley537@example.com
538,Sherry Clements,+91-8560125625,sherry.clements538@example.com
539,Daniel Watson,+91-2510505379,daniel.watson539@example.com
540,Stephanie Hoffman,+91-6493831849,stephanie.hoffman540@example.com
541,Rhonda Powers,+91-9665533077,rhonda.powers541@example.com
542,Donald Wilson,+91-7295963904,donald.wilson542@example.com
543,Richard Johnston,+91-0742608805,richard.johnston543@example.com
544,Andrea Davis,+91-6445561857,andrea.davis544@example.com
545,Jennifer Horton,+91-7715910300,jennifer.horton545@example.com
546,Wyatt Callahan,+91-6321358004,wyatt.callahan546@example.com
547,Amanda Williams,+91-4145964229,amanda.williams547@example.com
548,Cameron Atkins,+91-9671883977,cameron.atkins548@example.com
549,Erica Simon,+91-3144158331,erica.simon549@example.com
550,Johnny Lewis,+91-3763715398,johnny.lewis550@example.com
551,Emily Blackburn,+91-7281235679,emily.blackburn551@example.com
552,Penny Lopez,+91-4624912711,penny.lopez552@example.com
553,Steven Lopez,+91-0787541815,steven.lopez553@example.com
554,Chris Shaw,+91-8507451066,chris.shaw554@example.com
555,Collin Thompson,+91-4897861031,collin.thompson555@example.com
556,Anthony Johnson,+91-4318143966,anthony.johnson556@example.com
557,Daniel Holloway,+91-4732354940,daniel.holloway557@example.com
558,Jonathan Graves,+91-7432512257,jonathan.graves558@example.com
559,Adam Wells,+91-5024120957,adam.wells559@example.com
560,Katherine Wright,+91-1009438822,katherine.wright560@example.com
561,Ariel Lara,+91-5775847457,ariel.lara561@example.com
562,Harold Mckinney,+91-8971480263,harold.mckinney562@example.com
563,Brenda Jimenez,+91-3965313614,brenda.jimenez563@example.com
564,Meghan Nolan,+91-7824556964,meghan.nolan564@example.com
565,Andrew Meyer,+91-5916795410,andrew.meyer565@example.com
566,Mr. John Hernandez DVM,+91-9824741407,mr..john.hernandez.dvm566@example.com
567,Douglas Watkins,+91-0740650042,douglas.watkins567@example.com
568,Douglas Trevino,+91-8214236914,douglas.trevino568@example.com
569,John Gomez,+91-6661449429,john.gomez569@example.com
570,Shawn Brock,+91-2342683441,shawn.brock570@example.com
571,Timothy Murray,+91-2661287585,timothy.murray571@example.com
572,Jeffrey Fisher,+91-6708061294,jeffrey.fisher572@example.com
573,Lauren Watson,+91-9894062607,lauren.watson573@example.com
574,Shelly Stevens,+91-0104159149,shelly.stevens574@example.com
575,Mr. Antonio Yang,+91-8038287232,mr..antonio.yang575@example.com
576,Eric Hays,+91-0793110291,eric.hays576@example.com
577,Danielle Garcia,+91-0876014672,danielle.garcia577@example.com
578,Sarah Payne,+91-9791620223,sarah.payne578@example.com
579,Patrick Payne,+91-7744197546,patrick.payne579@example.com
580,Robert Marshall,+91-6204719609,robert.marshall580@example.com
581,Matthew Barry,+91-9705277402,matthew.barry581@example.com
582,Scott Gordon,+91-5868122595,scott.gordon582@example.com
583,Scott Taylor,+91-4617679298,scott.taylor583@example.com
584,Kelly Anderson,+91-5995996100,kelly.anderson584@example.com
585,Caitlin Davis,+91-1775331266,caitlin.davis585@example.com
586,Amy King,+91-0175902517,amy.king586@example.com
587,William Berry,+91-3347743326,william.berry587@example.com
588,Rhonda Lee,+91-9013020569,rhonda.lee588@example.com
589,Andrea Lopez,+91-8733978559,andrea.lopez589@example.com
590,Sarah Solis,+91-7661912841,sarah.solis590@example.com
591,David Guzman,+91-5034465124,david.guzman591@example.com
592,Kenneth Castaneda,+91-9846908197,kenneth.castaneda592@example.com
593,Victoria Delgado,+91-0564350238,victoria.delgado593@example.com
594,Erin Todd,+91-0371990516,erin.todd594@example.com
595,Lisa Miller,+91-8724010783,lisa.miller595@example.com
596,Jessica Turner,+91-3000389608,jessica.turner596@example.com
597,Mr. James Martinez,+91-6821719553,mr..james.martinez597@example.com
598,Thomas Allen,+91-1903689003,thomas.allen598@example.com
599,Angela Martinez,+91-2405593429,angela.martinez599@example.com
600,Matthew Douglas,+91-1483753745,matthew.douglas600@example.com
601,Eileen Valdez,+91-8458810569,eileen.valdez601@example.com
602,Mr. Thomas Skinner,+91-8348315203,mr..thomas.skinner602@example.com
603,Marie Chavez,+91-1070449641,marie.chavez603@example.com
604,Scott Cruz,+91-0667033626,scott.cruz604@example.com
605,Mary Johnson,+91-5095493059,mary.johnson605@example.com
606,Jeffrey Daniel,+91-0186487699,jeffrey.daniel606@example.com
607,Debbie Horne,+91-7320441384,debbie.horne607@example.com
608,James Gilbert,+91-5449014954,james.gilbert608@example.com
609,Jill Smith,+91-0705783609,jill.smith609@example.com
610,Destiny Bishop,+91-5172444723,destiny.bishop610@example.com
611,Bridget Williamson,+91-0310287950,bridget.williamson611@example.com
612,Crystal Lynn,+91-4405809351,crystal.lynn612@example.com
613,Jeremy Dixon,+91-3359561642,jeremy.dixon613@example.com
614,Lawrence Ward,+91-6574902504,lawrence.ward614@example.com
615,Susan Johnson,+91-9358895369,susan.johnson615@example.com
616,Nicholas James,+91-1139898681,nicholas.james616@example.com
617,Kelsey Williams,+91-7887543943,kelsey.williams617@example.com
618,Robert Madden,+91-3751376515,robert.madden618@example.com
619,Angela Cox,+91-7937639283,angela.cox619@example.com
620,Jennifer Richards,+91-2944551166,jennifer.richards620@example.com
621,Brittany Snyder,+91-3270216487,brittany.snyder621@example.com
622,Beth Johnson,+91-6021288665,beth.johnson622@example.com
623,Michael Allen,+91-4155999101,michael.allen623@example.com
624,Heather Cole,+91-6764722981,heather.cole624@example.com
625,Adam Watkins,+91-7657289413,adam.watkins625@example.com
626,Glenn Elliott,+91-8986456522,glenn.elliott626@example.com
627,Tony Khan,+91-3684995154,tony.khan627@example.com
628,Dwayne Tucker,+91-3244913421,dwayne.tucker628@example.com
629,Ryan Fischer,+91-0908830705,ryan.fischer629@example.com
630,Tom Duncan,+91-7827411767,tom.duncan630@example.com
631,Sean Kaiser,+91-1513152854,sean.kaiser631@example.com
632,Nicolas Powers,+91-1506185380,nicolas.powers632@example.com
633,Lori Sanchez,+91-9633472727,lori.sanchez633@example.com
634,Craig Liu,+91-8306178932,craig.liu634@example.com
635,Michael Austin,+91-9357824347,michael.austin635@example.com
636,Mark Harper MD,+91-4131467536,mark.harper.md636@example.com
637,John Flores,+91-1562779630,john.flores637@example.com
638,Jordan Wu,+91-6085456676,jordan.wu638@example.com
639,Thomas Adams,+91-3504763928,thomas.adams639@example.com
640,Mario Gould,+91-9952980061,mario.gould640@example.com
641,Felicia Gomez,+91-8108358328,felicia.gomez641@example.com
642,Mitchell Roberts,+91-2556383000,mitchell.roberts642@example.com
643,Kelsey Mason,+91-7024403304,kelsey.mason643@example.com
644,Robin Gray,+91-6241118600,robin.gray644@example.com
645,Kimberly Ellison,+91-1963945680,kimberly.ellison645@example.com
646,Jimmy Garcia,+91-9764613684,jimmy.garcia646@example.com
647,Dr. Joseph Sanchez,+91-0765817390,dr..joseph.sanchez647@example.com
648,David Wood,+91-9145211823,david.wood648@example.com
649,Katherine Wright,+91-2697893074,katherine.wright649@example.com
650,Patrick Flowers,+91-0599604387,patrick.flowers650@example.com
651,Emily Pearson,+91-5778811616,emily.pearson651@example.com
652,Adam Meyer,+91-1237106728,adam.meyer652@example.com
653,Dr. Joshua Ross,+91-4164485959,dr..joshua.ross653@example.com
654,Brenda Mills,+91-3958947735,brenda.mills654@example.com
655,Michelle Phelps,+91-2287056227,michelle.phelps655@example.com
656,William Collins,+91-3318751097,william.collins656@example.com
657,Andrea Fields,+91-3503446945,andrea.fields657@example.com
658,Jennifer Scott,+91-8319213424,jennifer.scott658@example.com
659,Beth Boyd,+91-6599949732,beth.boyd659@example.com
660,David Robinson,+91-9222705102,david.robinson660@example.com
661,Jessica Ortega,+91-5481386667,jessica.ortega661@example.com
662,Ryan Stewart,+91-1932426877,ryan.stewart662@example.com
663,Danielle Martinez,+91-6520575639,danielle.martinez663@example.com
664,Yolanda Ayers,+91-6520375830,yolanda.ayers664@example.com
665,Erin Bartlett,+91-4809404760,erin.bartlett665@example.com
666,Michele Hill MD,+91-9079772781,michele.hill.md666@example.com
667,Allen Shannon,+91-2221610705,allen.shannon667@example.com
668,Joshua Lucero,+91-3905529580,joshua.lucero668@example.com
669,Jennifer Monroe,+91-0138241270,jennifer.monroe669@example.com
670,Craig Wagner,+91-2044851579,craig.wagner670@example.com
671,Angelica Conrad,+91-1112125902,angelica.conrad671@example.com
672,Claudia Brooks,+91-1343240642,claudia.brooks672@example.com
673,Karl Gutierrez,+91-3432447417,karl.gutierrez673@example.com
674,Jack Barton,+91-8720962893,jack.barton674@example.com
675,Jessica Brewer DDS,+91-4358841834,jessica.brewer.dds675@example.com
676,Dean Weeks,+91-8272795596,dean.weeks676@example.com
677,Stephanie Morris,+91-1502675512,stephanie.morris677@example.com
678,Elizabeth Owens,+91-2079799667,elizabeth.owens678@example.com
679,Dawn Brooks,+91-5764038166,dawn.brooks679@example.com
680,Tiffany Morales,+91-0282498392,tiffany.morales680@example.com
681,Gary Choi,+91-1425762702,gary.choi681@example.com
682,Christopher Parker,+91-2336132850,christopher.parker682@example.com
683,Gregory Ruiz,+91-6376731625,gregory.ruiz683@example.com
684,Brandi Mejia,+91-4696815790,brandi.mejia684@example.com
685,Lee Tate,+91-5558099613,lee.tate685@example.com
686,Cole Clark,+91-6156262446,cole.clark686@example.com
687,Karen Green,+91-6226817151,karen.green687@example.com
688,Jennifer Roman,+91-2529867076,jennifer.roman688@example.com
689,Anthony Coleman,+91-1978575851,anthony.coleman689@example.com
690,Veronica Schmidt,+91-6120594389,veronica.schmidt690@example.com
691,Jordan Williams,+91-4017750954,jordan.williams691@example.com
692,Michael Wang,+91-0842456075,michael.wang692@example.com
693,Andrew Rodriguez,+91-0863218122,andrew.rodriguez693@example.com
694,Jessica Hill,+91-7938970155,jessica.hill694@example.com
695,Lee Cummings,+91-1681546602,lee.cummings695@example.com
696,Dawn Delgado,+91-1613944988,dawn.delgado696@example.com
697,Dana Lindsey,+91-5973642480,dana.lindsey697@example.com
698,Susan Gregory,+91-4063062447,susan.gregory698@example.com
699,Vanessa Flores,+91-3305319497,vanessa.flores699@example.com
700,Madison Murphy,+91-6780555572,madison.murphy700@example.com
701,Patrick Clark,+91-2646091785,patrick.clark701@example.com
702,Paul Moreno,+91-4457702992,paul.moreno702@example.com
703,Krystal Perry,+91-0487368269,krystal.perry703@example.com
704,Becky Foster,+91-3194226865,becky.foster704@example.com
705,Jennifer Greene,+91-5515888636,jennifer.greene705@example.com
706,John Mckenzie MD,+91-2640857216,john.mckenzie.md706@example.com
707,Jennifer Barnes,+91-3093299819,jennifer.barnes707@example.com
708,Jennifer Johnson,+91-9329715096,jennifer.johnson708@example.com
709,Sharon Jefferson,+91-2753273524,sharon.jefferson709@example.com
710,Andre Lane,+91-7397327819,andre.lane710@example.com
711,Shelby Stout,+91-3710068761,shelby.stout711@example.com
712,Tina Ware,+91-8198077046,tina.ware712@example.com
713,Molly Williams,+91-6876112491,molly.williams713@example.com
714,Holly Douglas,+91-2373415177,holly.douglas714@example.com
715,Nicole Peterson,+91-7574949022,nicole.peterson715@example.com
716,Allison Beard,+91-9544294774,allison.beard716@example.com
717,Robert Anderson,+91-9464303942,robert.anderson717@example.com
718,Deanna Griffith,+91-8679252985,deanna.griffith718@example.com
719,Jamie Howe,+91-2872760153,jamie.howe719@example.com
720,Danny Ramirez,+91-1357790833,danny.ramirez720@example.com
721,Andrew Sims,+91-5814888107,andrew.sims721@example.com
722,Danielle Scott,+91-2337209484,danielle.scott722@example.com
723,Colton Rivas,+91-1284033399,colton.rivas723@example.com
724,Brett Keith,+91-0513717173,brett.keith724@example.com
725,Kevin George,+91-4909617399,kevin.george725@example.com
726,Wendy King,+91-6947258784,wendy.king726@example.com
727,Elizabeth Camacho,+91-3548847127,elizabeth.camacho727@example.com
728,Steven Hicks,+91-7221641758,steven.hicks728@example.com
729,Cheryl Rodriguez,+91-3348458714,cheryl.rodriguez729@example.com
730,Christine Powers,+91-5236229258,christine.powers730@example.com
731,Miss Rachel Chan,+91-4347452455,miss.rachel.chan731@example.com
732,Emily Parker,+91-9660606527,emily.parker732@example.com
733,Alicia Bush,+91-3445056658,alicia.bush733@example.com
734,Christina Lewis,+91-8741132579,christina.lewis734@example.com
735,Wesley Williams,+91-6734996010,wesley.williams735@example.com
736,Desiree Wood,+91-4172156229,desiree.wood736@example.com
737,Curtis Miller,+91-3598488402,curtis.miller737@example.com
738,Andrea Hartman,+91-5573257375,andrea.hartman738@example.com
739,Michael Padilla,+91-4902166670,michael.padilla739@example.com
740,Amy Mayo,+91-5096085874,amy.mayo740@example.com
741,Madison Navarro,+91-9181828197,madison.navarro741@example.com
742,Wendy Walton,+91-6477251295,wendy.walton742@example.com
743,Richard Stevenson,+91-6069409600,richard.stevenson743@example.com
744,Jeffery Green,+91-3958739592,jeffery.green744@example.com
745,Charles Parker,+91-1089028515,charles.parker745@example.com
746,Tanya Barrett,+91-3426433502,tanya.barrett746@example.com
747,Terry Martinez,+91-6073607763,terry.martinez747@example.com
748,James Olsen,+91-1289812317,james.olsen748@example.com
749,Heather Cowan,+91-6331857481,heather.cowan749@example.com
750,Alexis James,+91-6615541643,alexis.james750@example.com
751,Mrs. Maria Price DDS,+91-4502329028,mrs..maria.price.dds751@example.com
752,Michael Farmer,+91-0934596262,michael.farmer752@example.com
753,Joseph Hernandez,+91-2512073465,joseph.hernandez753@example.com
754,Deborah Morris,+91-0507026086,deborah.morris754@example.com
755,Miranda Jackson,+91-1053161177,miranda.jackson755@example.com
756,Dr. Kimberly Taylor,+91-9047742585,dr..kimberly.taylor756@example.com
757,Mary Davis,+91-7932382231,mary.davis757@example.com
758,Michelle Campbell,+91-9133424579,michelle.campbell758@example.com
759,Laura Stephenson,+91-2565290603,laura.stephenson759@example.com
760,Alexis Walters,+91-3265097753,alexis.walters760@example.com
761,Ruth Ray,+91-7379487148,ruth.ray761@example.com
762,Gabrielle Stafford,+91-4578715841,gabrielle.stafford762@example.com
763,Jessica Johnson,+91-8213711842,jessica.johnson763@example.com
764,Elizabeth Graham,+91-1826832303,elizabeth.graham764@example.com
765,Heather Burke,+91-2988085838,heather.burke765@example.com
766,Christopher Becker,+91-9328963406,christopher.becker766@example.com
767,Steven Stanton,+91-7752401484,steven.stanton767@example.com
768,Nicholas Wheeler,+91-1062272362,nicholas.wheeler768@example.com
769,Jeanne Lee,+91-5134261923,jeanne.lee769@example.com
770,Michael Hodges,+91-0184819737,michael.hodges770@example.com
771,Calvin Paul,+91-7215406417,calvin.paul771@example.com
772,Christopher Mckinney,+91-7438119953,christopher.mckinney772@example.com
773,Mary Copeland,+91-6601444856,mary.copeland773@example.com
774,Danielle Kelly,+91-0173973964,danielle.kelly774@example.com
775,Richard Erickson,+91-8996986091,richard.erickson775@example.com
776,Rebecca Finley,+91-9113599660,rebecca.finley776@example.com
777,Richard Phelps,+91-9806603920,richard.phelps777@example.com
778,Erin Carter,+91-6074555347,erin.carter778@example.com
779,Erika Lyons,+91-4238856527,erika.lyons779@example.com
780,Felicia Jensen,+91-3541165972,felicia.jensen780@example.com
781,Christina Chase,+91-7557522501,christina.chase781@example.com
782,Eric Hunter,+91-8488269131,eric.hunter782@example.com
783,Kyle Mcdowell,+91-6425856261,kyle.mcdowell783@example.com
784,Nancy Walter,+91-4991537038,nancy.walter784@example.com
785,Willie Johnson,+91-3333732043,willie.johnson785@example.com
786,Shannon Webb,+91-7688936289,shannon.webb786@example.com
787,Kenneth Barrera,+91-6454655358,kenneth.barrera787@example.com
788,Tyler Taylor,+91-3892187851,tyler.taylor788@example.com
789,Lindsey Cortez,+91-8374907977,lindsey.cortez789@example.com
790,Amy Forbes,+91-0878057215,amy.forbes790@example.com
791,Nathan Hudson,+91-0976263748,nathan.hudson791@example.com
792,Elizabeth Hall,+91-8628950905,elizabeth.hall792@example.com
793,Patricia Jones,+91-1862339220,patricia.jones793@example.com
794,Kathleen Wilson,+91-1169666725,kathleen.wilson794@example.com
795,Eric Thompson,+91-6471246335,eric.thompson795@example.com
796,Miss Gina Walton,+91-8409080512,miss.gina.walton796@example.com
797,William Smith,+91-5640995123,william.smith797@example.com
798,Kathleen Nichols,+91-5129592728,kathleen.nichols798@example.com
799,Robert Johnson,+91-0814415298,robert.johnson799@example.com
800,Brett Lee,+91-2957867181,brett.lee800@example.com
801,Jacob Allen,+91-7360507918,jacob.allen801@example.com
802,Matthew Buck,+91-9988683452,matthew.buck802@example.com
803,Craig Raymond,+91-6666170715,craig.raymond803@example.com
804,Lisa Torres,+91-4080314998,lisa.torres804@example.com
805,Erik Williams,+91-0046358068,erik.williams805@example.com
806,Cassandra Wood,+91-0317235137,cassandra.wood806@example.com
807,Martin Smith,+91-6314035263,martin.smith807@example.com
808,Ryan Williams,+91-2939469434,ryan.williams808@example.com
809,Adam Colon,+91-6437490607,adam.colon809@example.com
810,Michael Jones,+91-1127128524,michael.jones810@example.com
811,Michelle Neal,+91-4844941163,michelle.neal811@example.com
812,Kristen Jimenez,+91-2807711306,kristen.jimenez812@example.com
813,Phillip Drake,+91-3695727908,phillip.drake813@example.com
814,Chelsea Clark,+91-5090254257,chelsea.clark814@example.com
815,Mathew Myers,+91-2481323570,mathew.myers815@example.com
816,Andrea Sanchez,+91-8482285011,andrea.sanchez816@example.com
817,Joseph Montgomery,+91-2550213060,joseph.montgomery817@example.com
818,Robin Mack,+91-1309810796,robin.mack818@example.com
819,Luis Cole,+91-3794577278,luis.cole819@example.com
820,Courtney Mitchell,+91-2642506420,courtney.mitchell820@example.com
821,Michael Weaver,+91-3625366677,michael.weaver821@example.com
822,James Cox,+91-5628333393,james.cox822@example.com
823,Monica Mueller,+91-5786543627,monica.mueller823@example.com
824,Matthew Evans,+91-9603358268,matthew.evans824@example.com
825,Tony Johnson,+91-3692492693,tony.johnson825@example.com
826,Eugene Sanchez,+91-2759980111,eugene.sanchez826@example.com
827,Thomas Booth,+91-5155323415,thomas.booth827@example.com
828,Emily Conway,+91-7752441822,emily.conway828@example.com
829,Bryan Kent,+91-6288743127,bryan.kent829@example.com
830,Andrew Beard,+91-7672095799,andrew.beard830@example.com
831,Steven Waller,+91-9551512294,steven.waller831@example.com
832,Sydney Rodriguez,+91-3541597099,sydney.rodriguez832@example.com
833,Christopher York,+91-3848075203,christopher.york833@example.com
834,Deborah Ferrell,+91-5047158029,deborah.ferrell834@example.com
835,Kenneth Turner,+91-3766046558,kenneth.turner835@example.com
836,Rachel Russell,+91-5254837441,rachel.russell836@example.com
837,Tamara Miller,+91-5810213125,tamara.miller837@example.com
838,Kenneth Young,+91-1100591297,kenneth.young838@example.com
839,Erin Ortega,+91-9102312110,erin.ortega839@example.com
840,Michael Clark,+91-1658373792,michael.clark840@example.com
841,Nicholas Vargas,+91-0728012342,nicholas.vargas841@example.com
842,Laura Lopez,+91-1132532694,laura.lopez842@example.com
843,Katie Mitchell,+91-6453804421,katie.mitchell843@example.com
844,Johnny Orr,+91-0961701595,johnny.orr844@example.com
845,Lisa Chung,+91-9457575747,lisa.chung845@example.com
846,Zachary Lee,+91-9205677567,zachary.lee846@example.com
847,Julie Hernandez,+91-6602562650,julie.hernandez847@example.com
848,Robert Whitehead,+91-2923106724,robert.whitehead848@example.com
849,Alex Myers,+91-4843379766,alex.myers849@example.com
850,Caitlin Costa,+91-0511579423,caitlin.costa850@example.com
851,Kathleen Robinson,+91-7042549691,kathleen.robinson851@example.com
852,Kendra Peterson,+91-5259710756,kendra.peterson852@example.com
853,Tony Barker,+91-5748595325,tony.barker853@example.com
854,Laura Pruitt,+91-9933797058,laura.pruitt854@example.com
855,Janet Hernandez,+91-5187794176,janet.hernandez855@example.com
856,Raven Hill,+91-2507330559,raven.hill856@example.com
857,Mr. Don Flores,+91-5983399140,mr..don.flores857@example.com
858,Chloe Lindsey,+91-4366044324,chloe.lindsey858@example.com
859,Matthew Farmer,+91-1572768297,matthew.farmer859@example.com
860,Ashley Hill,+91-4397429250,ashley.hill860@example.com
861,Sean Tran,+91-5256806562,sean.tran861@example.com
862,Russell Johnson,+91-4599080271,russell.johnson862@example.com
863,Brenda Garcia,+91-2315551651,brenda.garcia863@example.com
864,Joshua Warren DDS,+91-6281372143,joshua.warren.dds864@example.com
865,Matthew Grant,+91-0370033228,matthew.grant865@example.com
866,James Walters,+91-6084706810,james.walters866@example.com
867,Andrew Perez,+91-7051958263,andrew.perez867@example.com
868,Adam Burton,+91-9448586239,adam.burton868@example.com
869,Craig Hurst,+91-6147079863,craig.hurst869@example.com
870,Andrew Ballard,+91-3394394570,andrew.ballard870@example.com
871,Crystal Zamora,+91-4380403253,crystal.zamora871@example.com
872,Dr. Nathan Ellis MD,+91-2778943191,dr..nathan.ellis.md872@example.com
873,Sarah Harvey,+91-0404769210,sarah.harvey873@example.com
874,Matthew Maddox,+91-5146040142,matthew.maddox874@example.com
875,Timothy Clay,+91-3107201137,timothy.clay875@example.com
876,Lauren Grant,+91-4097123166,lauren.grant876@example.com
877,Jonathan Rivas,+91-6209014473,jonathan.rivas877@example.com
878,Allison Nelson,+91-3370096873,allison.nelson878@example.com
879,Natalie Mitchell,+91-1957782558,natalie.mitchell879@example.com
880,Erica Fowler,+91-6296575427,erica.fowler880@example.com
881,Jennifer Ali,+91-1942557782,jennifer.ali881@example.com
882,Gwendolyn Hull,+91-2958292361,gwendolyn.hull882@example.com
883,Shirley Mooney,+91-8081904823,shirley.mooney883@example.com
884,Rachel Burns,+91-5586863956,rachel.burns884@example.com
885,Victoria Perez,+91-7230817214,victoria.perez885@example.com
886,Jared Bryan,+91-8130004132,jared.bryan886@example.com
887,Melanie Jones,+91-7165609456,melanie.jones887@example.com
888,Eric Harvey,+91-7990707550,eric.harvey888@example.com
889,John Salinas,+91-8169957060,john.salinas889@example.com
890,Olivia Miller,+91-4811317653,olivia.miller890@example.com
891,Julie Morris,+91-8739610290,julie.morris891@example.com
892,Jill Shaw,+91-7496804918,jill.shaw892@example.com
893,Steven Carter Jr.,+91-4956121377,steven.carter.jr.893@example.com
894,James Garner,+91-2604235973,james.garner894@example.com
895,Rhonda Gould,+91-1122299077,rhonda.gould895@example.com
896,Michael Smith,+91-8581670468,michael.smith896@example.com
897,Andrea Miller,+91-5768321021,andrea.miller897@example.com
898,Mary Griffin,+91-8584712961,mary.griffin898@example.com
899,Crystal Hernandez,+91-2605080184,crystal.hernandez899@example.com
900,Alexa Beard,+91-2537337773,alexa.beard900@example.com
901,James Schultz,+91-8122821781,james.schultz901@example.com
902,Danielle Molina,+91-5346060560,danielle.molina902@example.com
903,Nicholas Brooks,+91-7932798623,nicholas.brooks903@example.com
904,Donna Mejia,+91-6906181205,donna.mejia904@example.com
905,Douglas Santos,+91-5489547876,douglas.santos905@example.com
906,Sara Lawrence,+91-8999275175,sara.lawrence906@example.com
907,Lisa Brown,+91-4449835539,lisa.brown907@example.com
908,William Lee,+91-5864496392,william.lee908@example.com
909,Melissa Lee,+91-5885379821,melissa.lee909@example.com
910,Sherri Little,+91-3952753674,sherri.little910@example.com
911,Judy Peterson,+91-4914168601,judy.peterson911@example.com
912,Timothy Reilly,+91-7894896340,timothy.reilly912@example.com
913,Miss Katherine Rodriguez,+91-6651221500,miss.katherine.rodriguez913@example.com
914,Destiny Dunn,+91-4216309001,destiny.dunn914@example.com
915,Marcus Ramirez,+91-6333999485,marcus.ramirez915@example.com
916,Brittany Spencer,+91-5326389021,brittany.spencer916@example.com
917,Lisa Dickson,+91-7113633792,lisa.dickson917@example.com
918,Tabitha Ramirez,+91-0346996733,tabitha.ramirez918@example.com
919,Bradley Marquez,+91-7269608437,bradley.marquez919@example.com
920,Shaun Peterson,+91-0789679352,shaun.peterson920@example.com
921,Lindsay Hale,+91-6263355643,lindsay.hale921@example.com
922,Stephanie Gray,+91-7093170695,stephanie.gray922@example.com
923,Alex Graham,+91-7616453454,alex.graham923@example.com
924,Christopher Nash,+91-8983065031,christopher.nash924@example.com
925,Caitlin Gilbert,+91-8041847242,caitlin.gilbert925@example.com
926,Diana Moon,+91-3642813190,diana.moon926@example.com
927,Rachel Wiggins,+91-2487623039,rachel.wiggins927@example.com
928,Andrea Garcia,+91-2817852282,andrea.garcia928@example.com
929,Adam Foley,+91-4808806220,adam.foley929@example.com
930,Ryan Allen,+91-9594737213,ryan.allen930@example.com
931,Larry Williams,+91-6204787688,larry.williams931@example.com
932,Stacy Owens,+91-8599648628,stacy.owens932@example.com
933,Beth Johnson,+91-1954196664,beth.johnson933@example.com
934,Ernest Gonzalez,+91-0362792463,ernest.gonzalez934@example.com
935,Steven Mckee,+91-4767753726,steven.mckee935@example.com
936,Danielle Thomas,+91-1450576619,danielle.thomas936@example.com
937,Roberto Arnold,+91-0715534820,roberto.arnold937@example.com
938,Brianna Dawson MD,+91-0838507659,brianna.dawson.md938@example.com
939,Marc Mitchell,+91-0891776808,marc.mitchell939@example.com
940,Lacey Jones,+91-2657422319,lacey.jones940@example.com
941,James Williams,+91-4023693626,james.williams941@example.com
942,Dawn Moon,+91-0120471372,dawn.moon942@example.com
943,Katherine Miller,+91-7595749885,katherine.miller943@example.com
944,Erin Moore,+91-9849330674,erin.moore944@example.com
945,Jordan Porter,+91-6094412833,jordan.porter945@example.com
946,Danielle Stein,+91-1885666954,danielle.stein946@example.com
947,Christopher Olson,+91-1506662670,christopher.olson947@example.com
948,Jacob Parker,+91-7769366343,jacob.parker948@example.com
949,Carmen Moore,+91-5961111028,carmen.moore949@example.com
950,Steven Michael,+91-2007202455,steven.michael950@example.com
951,Anita Martin,+91-4510910903,anita.martin951@example.com
952,Stephanie Holloway,+91-7149498194,stephanie.holloway952@example.com
953,Joel Phelps,+91-2817934065,joel.phelps953@example.com
954,Melissa Patrick,+91-5844663453,melissa.patrick954@example.com
955,Charles Moore,+91-1091217221,charles.moore955@example.com
956,Gary Flores,+91-3766189437,gary.flores956@example.com
957,Helen Myers,+91-5100462776,helen.myers957@example.com
958,Shari Cole,+91-5659202461,shari.cole958@example.com
959,Dr. Charles Henson,+91-3897432600,dr..charles.henson959@example.com
960,Michelle Mcbride,+91-5501783325,michelle.mcbride960@example.com
961,Shannon Manning,+91-4868999360,shannon.manning961@example.com
962,Nathan Payne,+91-8704506917,nathan.payne962@example.com
963,Jennifer Ford,+91-9935937440,jennifer.ford963@example.com
964,Mary Riley,+91-6408303736,mary.riley964@example.com
965,Anthony Jones,+91-4886084907,anthony.jones965@example.com
966,Cindy Stanley MD,+91-1368528306,cindy.stanley.md966@example.com
967,Matthew Potts,+91-0124244626,matthew.potts967@example.com
968,Christopher Davis,+91-4488112103,christopher.davis968@example.com
969,Randy Blake,+91-4217518878,randy.blake969@example.com
970,Michael Ramirez,+91-1515263840,michael.ramirez970@example.com
971,Lisa Montes,+91-1122528837,lisa.montes971@example.com
972,Nicole Bell MD,+91-6618632397,nicole.bell.md972@example.com
973,Nicole Jones,+91-3787655300,nicole.jones973@example.com
974,Aaron Kelly,+91-5560571219,aaron.kelly974@example.com
975,Pamela Watkins,+91-7788519053,pamela.watkins975@example.com
976,Rodney Carter,+91-1042462456,rodney.carter976@example.com
977,Dr. Helen Jimenez,+91-4600452128,dr..helen.jimenez977@example.com
978,Sarah Cox,+91-1455129391,sarah.cox978@example.com
979,Donald Skinner,+91-8818984841,donald.skinner979@example.com
980,Nicole Williams,+91-6154021190,nicole.williams980@example.com
981,John Harrison,+91-5681429831,john.harrison981@example.com
982,Cody Hull,+91-1073228360,cody.hull982@example.com
983,Sheri Ray,+91-3783063963,sheri.ray983@example.com
984,Eileen Taylor,+91-9694439164,eileen.taylor984@example.com
985,Kathleen Levine,+91-6934292913,kathleen.levine985@example.com
986,Andrew Bolton,+91-0162341903,andrew.bolton986@example.com
987,Sandra Smith,+91-1537221556,sandra.smith987@example.com
988,Joseph Hill,+91-3236533774,joseph.hill988@example.com
989,David Hamilton,+91-2007843614,david.hamilton989@example.com
990,Douglas Simmons,+91-0781975437,douglas.simmons990@example.com
991,Scott Franco,+91-6427372037,scott.franco991@example.com
992,William Arnold,+91-2145841484,william.arnold992@example.com
993,Alicia Bradley,+91-1344389982,alicia.bradley993@example.com
994,Vanessa Smith,+91-0586950732,vanessa.smith994@example.com
995,Eric Duran,+91-4493699951,eric.duran995@example.com
996,Marcus Zamora,+91-5055738573,marcus.zamora996@example.com
997,Justin Norris,+91-1923603768,justin.norris997@example.com
998,Angel Becker DVM,+91-7233351040,angel.becker.dvm998@example.com
999,Jennifer Esparza,+91-9731539114,jennifer.esparza999@example.com
1000,Kimberly Soto,+91-3074820736,kimberly.soto1000@example.com
