flight_id,flight_number,source_airport_id,destination_airport_id,departure_time,arrival_time,flight_status
1,LH506,855,610,2025-05-13 10:00:00,2025-05-13 12:45:00,Delayed
2,6E524,878,283,2025-09-24 14:00:00,2025-09-25 03:45:00,Scheduled
3,G8988,581,603,2025-10-26 03:00:00,2025-10-26 13:00:00,Delayed
4,SQ723,353,899,2025-07-30 08:45:00,2025-07-30 20:30:00,Delayed
5,QP807,177,283,2025-07-26 04:45:00,2025-07-26 06:30:00,Scheduled
6,G8418,764,487,2026-04-17 08:30:00,2026-04-17 10:00:00,Scheduled
7,SG407,504,879,2025-12-23 21:00:00,2025-12-24 11:15:00,Cancelled
8,SQ761,454,793,2026-02-27 10:30:00,2026-02-27 23:15:00,Scheduled
9,AI627,453,217,2026-04-13 13:45:00,2026-04-14 03:15:00,Completed
10,SG297,68,319,2025-12-30 16:45:00,2025-12-30 19:45:00,Completed
11,QP821,206,858,2025-01-30 07:00:00,2025-01-30 15:00:00,Scheduled
12,AI347,378,844,2025-08-26 16:45:00,2025-08-27 03:45:00,Scheduled
13,G8866,609,457,2025-04-01 15:30:00,2025-04-01 21:45:00,Completed
14,UK762,93,292,2025-01-15 12:00:00,2025-01-15 15:15:00,Scheduled
15,BA235,212,276,2025-11-30 13:00:00,2025-12-01 03:00:00,Completed
16,G8533,616,821,2025-01-05 07:30:00,2025-01-05 18:00:00,Completed
17,LH944,873,358,2025-08-24 08:15:00,2025-08-24 16:45:00,Completed
18,G8800,599,105,2025-01-04 16:30:00,2025-01-05 02:00:00,Scheduled
19,G8771,66,345,2025-05-22 20:30:00,2025-05-23 11:00:00,Completed
20,AI924,914,668,2025-06-02 06:15:00,2025-06-02 15:30:00,Completed
21,AI771,830,615,2025-07-26 21:30:00,2025-07-27 08:45:00,Delayed
22,SQ825,303,266,2026-04-10 13:45:00,2026-04-10 20:45:00,Cancelled
23,QP619,836,195,2025-06-25 23:15:00,2025-06-26 11:00:00,Scheduled
24,BA231,175,861,2025-12-03 17:15:00,2025-12-03 22:15:00,Completed
25,UK463,743,828,2025-10-14 05:30:00,2025-10-14 16:30:00,Scheduled
26,BA971,893,315,2025-08-04 10:30:00,2025-08-04 16:00:00,Scheduled
27,LH222,55,888,2025-11-21 18:00:00,2025-11-22 02:15:00,Completed
28,SG305,391,543,2025-06-02 13:00:00,2025-06-03 03:15:00,Scheduled
29,6E599,584,915,2026-04-10 14:15:00,2026-04-10 20:30:00,Scheduled
30,UK879,182,321,2025-11-21 01:00:00,2025-11-21 09:30:00,Completed
31,EK513,591,783,2025-03-23 15:00:00,2025-03-23 18:45:00,Scheduled
32,AI429,489,393,2025-01-03 01:15:00,2025-01-03 13:45:00,Completed
33,UK810,544,196,2025-01-10 21:00:00,2025-01-11 08:15:00,Completed
34,AI405,320,133,2025-02-22 12:30:00,2025-02-22 15:30:00,Cancelled
35,QP601,467,746,2025-09-24 19:30:00,2025-09-25 02:45:00,Scheduled
36,SG316,193,169,2026-05-01 12:00:00,2026-05-01 16:15:00,Completed
37,EK997,604,517,2025-03-28 03:30:00,2025-03-28 15:30:00,Completed
38,AI149,790,548,2025-11-16 01:00:00,2025-11-16 12:00:00,Completed
39,UK811,427,455,2025-07-14 03:30:00,2025-07-14 11:45:00,Completed
40,SQ720,10,309,2025-08-04 21:00:00,2025-08-05 08:30:00,Completed
41,6E609,429,851,2026-04-06 03:00:00,2026-04-06 08:00:00,Scheduled
42,G8264,205,797,2025-05-15 16:15:00,2025-05-15 23:00:00,Scheduled
43,AI113,509,933,2025-04-17 22:45:00,2025-04-18 05:00:00,Completed
44,LH176,929,114,2026-03-04 18:45:00,2026-03-04 21:45:00,Completed
45,G8575,104,927,2025-05-12 20:15:00,2025-05-13 04:45:00,Scheduled
46,EK856,833,179,2026-03-24 01:30:00,2026-03-24 08:00:00,Scheduled
47,SG436,872,777,2026-04-01 01:00:00,2026-04-01 15:15:00,Scheduled
48,SG216,449,979,2025-11-15 08:00:00,2025-11-15 14:30:00,Scheduled
49,SG215,986,468,2025-05-20 12:45:00,2025-05-21 02:30:00,Scheduled
50,SQ794,744,61,2026-04-28 05:00:00,2026-04-28 12:45:00,Scheduled
51,BA599,626,389,2026-02-03 11:00:00,2026-02-04 01:15:00,Scheduled
52,AI821,422,452,2025-01-24 02:30:00,2025-01-24 14:00:00,Completed
53,LH635,538,786,2026-01-16 18:15:00,2026-01-17 05:45:00,Completed
54,EK252,634,98,2025-08-10 21:15:00,2025-08-11 05:45:00,Completed
55,LH969,572,914,2025-11-10 01:00:00,2025-11-10 12:15:00,Delayed
56,QP384,508,891,2025-03-26 02:45:00,2025-03-26 09:00:00,Scheduled
57,6E570,229,564,2025-11-26 12:45:00,2025-11-27 03:00:00,Scheduled
58,BA863,587,459,2025-02-15 15:45:00,2025-02-15 21:45:00,Completed
59,SQ733,106,414,2025-07-31 01:00:00,2025-07-31 15:00:00,Completed
60,AI936,912,521,2025-10-15 06:45:00,2025-10-15 13:15:00,Scheduled
61,BA216,466,340,2025-10-14 19:45:00,2025-10-15 08:15:00,Scheduled
62,LH634,675,228,2025-01-02 10:30:00,2025-01-03 01:00:00,Scheduled
63,6E360,109,47,2026-04-05 05:45:00,2026-04-05 09:30:00,Completed
64,QP210,193,124,2026-04-22 12:15:00,2026-04-22 20:30:00,Completed
65,BA774,48,949,2025-11-21 21:00:00,2025-11-22 10:45:00,Delayed
66,LH543,517,138,2026-05-09 15:00:00,2026-05-10 00:00:00,Completed
67,6E496,495,947,2025-09-18 05:15:00,2025-09-18 17:30:00,Completed
68,G8507,621,904,2025-06-14 16:45:00,2025-06-15 00:00:00,Cancelled
69,LH981,994,302,2025-08-20 04:15:00,2025-08-20 11:45:00,Scheduled
70,SQ831,755,958,2025-10-11 20:15:00,2025-10-12 00:30:00,Scheduled
71,6E879,354,944,2025-12-11 04:15:00,2025-12-11 13:45:00,Scheduled
72,EK927,492,597,2025-10-20 21:45:00,2025-10-21 09:15:00,Scheduled
73,UK373,110,26,2025-07-15 04:00:00,2025-07-15 15:00:00,Completed
74,G8308,165,294,2025-12-16 08:15:00,2025-12-16 22:15:00,Completed
75,LH498,34,368,2026-02-21 14:00:00,2026-02-22 00:15:00,Scheduled
76,EK496,804,816,2026-02-13 22:30:00,2026-02-14 10:30:00,Scheduled
77,UK735,808,1000,2025-12-17 10:00:00,2025-12-17 11:30:00,Completed
78,UK401,882,892,2025-08-15 07:30:00,2025-08-15 20:45:00,Scheduled
79,EK385,700,77,2025-04-06 05:00:00,2025-04-06 12:00:00,Delayed
80,SG140,134,165,2025-10-27 08:00:00,2025-10-27 14:45:00,Scheduled
81,6E902,331,612,2025-01-27 20:30:00,2025-01-28 05:00:00,Completed
82,EK656,539,226,2026-05-05 05:00:00,2026-05-05 18:15:00,Delayed
83,G8323,95,358,2025-04-24 06:30:00,2025-04-24 13:00:00,Cancelled
84,BA346,634,544,2025-09-01 17:00:00,2025-09-01 19:30:00,Cancelled
85,EK915,629,941,2025-11-15 07:00:00,2025-11-15 18:30:00,Cancelled
86,LH922,396,263,2025-10-04 23:30:00,2025-10-05 01:00:00,Delayed
87,6E271,499,45,2025-06-01 20:15:00,2025-06-02 02:15:00,Cancelled
88,EK955,792,551,2025-10-01 00:00:00,2025-10-01 04:15:00,Scheduled
89,SG124,551,849,2025-12-26 23:45:00,2025-12-27 10:45:00,Delayed
90,LH172,340,39,2025-02-14 02:00:00,2025-02-14 05:30:00,Delayed
91,EK423,234,933,2025-05-13 13:45:00,2025-05-13 22:30:00,Scheduled
92,6E466,690,122,2025-10-01 00:00:00,2025-10-01 13:00:00,Cancelled
93,G8883,109,297,2026-02-07 21:30:00,2026-02-08 07:30:00,Cancelled
94,LH325,391,405,2026-02-25 21:00:00,2026-02-26 05:15:00,Scheduled
95,G8793,401,816,2026-02-13 17:30:00,2026-02-14 04:45:00,Completed
96,6E142,989,815,2026-03-20 23:30:00,2026-03-21 00:45:00,Scheduled
97,QP316,611,404,2025-10-03 17:00:00,2025-10-03 22:15:00,Scheduled
98,SQ954,662,872,2025-09-20 04:15:00,2025-09-20 07:30:00,Scheduled
99,LH174,118,186,2025-12-10 18:00:00,2025-12-11 08:45:00,Scheduled
100,SG787,69,257,2025-02-20 06:45:00,2025-02-20 13:15:00,Completed
101,BA436,103,292,2025-11-14 02:15:00,2025-11-14 09:00:00,Completed
102,EK272,314,711,2025-10-27 04:30:00,2025-10-27 18:00:00,Scheduled
103,SG795,253,805,2025-04-24 22:45:00,2025-04-25 04:15:00,Completed
104,BA664,899,492,2025-08-25 14:30:00,2025-08-26 04:00:00,Scheduled
105,G8851,662,622,2025-02-11 08:15:00,2025-02-11 17:30:00,Completed
106,SQ317,79,745,2025-02-08 00:00:00,2025-02-08 14:45:00,Cancelled
107,QP501,565,267,2025-10-06 17:45:00,2025-10-07 05:00:00,Scheduled
108,EK472,791,604,2026-01-11 09:15:00,2026-01-11 17:15:00,Delayed
109,BA263,679,245,2026-03-11 19:15:00,2026-03-12 08:30:00,Scheduled
110,UK879,972,580,2025-12-04 04:45:00,2025-12-04 10:45:00,Delayed
111,LH910,65,271,2025-07-09 07:00:00,2025-07-09 18:15:00,Scheduled
112,6E820,481,940,2025-08-21 01:00:00,2025-08-21 12:30:00,Cancelled
113,EK769,649,850,2025-05-21 23:30:00,2025-05-22 09:45:00,Scheduled
114,LH515,602,670,2026-04-05 02:30:00,2026-04-05 09:45:00,Scheduled
115,BA269,889,354,2025-09-07 15:00:00,2025-09-08 00:15:00,Scheduled
116,QP716,527,659,2025-05-24 06:15:00,2025-05-24 09:30:00,Completed
117,BA791,122,677,2025-04-28 13:30:00,2025-04-29 01:30:00,Delayed
118,AI230,216,605,2025-03-24 20:45:00,2025-03-24 22:00:00,Delayed
119,AI270,165,138,2025-11-19 16:00:00,2025-11-20 02:15:00,Scheduled
120,6E321,185,530,2026-05-06 12:00:00,2026-05-07 00:30:00,Scheduled
121,SQ246,483,889,2025-09-04 05:15:00,2025-09-04 20:00:00,Completed
122,BA710,841,786,2025-04-04 19:30:00,2025-04-04 23:00:00,Delayed
123,LH980,236,388,2025-07-17 04:00:00,2025-07-17 05:15:00,Cancelled
124,SQ714,701,430,2026-02-28 04:00:00,2026-02-28 07:45:00,Scheduled
125,SQ652,803,545,2025-09-15 03:00:00,2025-09-15 11:15:00,Completed
126,QP995,919,961,2026-02-01 21:45:00,2026-02-02 07:30:00,Scheduled
127,EK237,543,440,2025-04-28 15:45:00,2025-04-28 21:45:00,Scheduled
128,G8293,785,239,2026-04-11 02:30:00,2026-04-11 13:15:00,Scheduled
129,EK770,762,809,2025-01-04 18:00:00,2025-01-05 03:00:00,Scheduled
130,SQ359,824,324,2025-07-29 11:00:00,2025-07-29 14:45:00,Scheduled
131,UK523,549,434,2025-10-17 11:30:00,2025-10-17 23:15:00,Delayed
132,SQ452,571,495,2025-04-02 11:45:00,2025-04-02 17:15:00,Completed
133,BA901,408,754,2025-03-12 21:00:00,2025-03-13 09:15:00,Completed
134,LH728,166,103,2025-04-20 16:45:00,2025-04-21 06:15:00,Completed
135,SG582,724,54,2025-03-24 12:00:00,2025-03-25 01:00:00,Cancelled
136,SQ138,446,91,2025-02-02 08:15:00,2025-02-02 14:15:00,Completed
137,SG755,954,411,2025-11-11 20:30:00,2025-11-12 08:30:00,Delayed
138,SQ622,11,207,2026-03-12 21:30:00,2026-03-13 01:30:00,Delayed
139,AI261,238,630,2025-03-28 21:00:00,2025-03-29 03:15:00,Scheduled
140,LH115,283,799,2025-07-24 11:45:00,2025-07-24 19:00:00,Completed
141,QP935,71,942,2025-02-16 17:30:00,2025-02-17 06:00:00,Scheduled
142,G8279,621,987,2025-04-10 14:45:00,2025-04-11 00:45:00,Scheduled
143,LH363,110,573,2025-02-07 16:30:00,2025-02-07 22:30:00,Completed
144,UK875,833,813,2025-10-22 08:45:00,2025-10-22 16:30:00,Scheduled
145,G8169,795,470,2025-12-15 14:00:00,2025-12-15 22:00:00,Scheduled
146,EK461,808,226,2025-12-13 22:15:00,2025-12-14 11:45:00,Delayed
147,EK789,10,718,2026-03-03 08:15:00,2026-03-03 13:15:00,Completed
148,UK687,351,78,2025-10-11 05:45:00,2025-10-11 12:15:00,Scheduled
149,UK853,970,765,2025-12-16 06:45:00,2025-12-16 19:00:00,Scheduled
150,SG897,272,212,2025-04-28 06:15:00,2025-04-28 20:45:00,Scheduled
151,LH143,943,81,2025-12-13 21:45:00,2025-12-14 07:45:00,Completed
152,LH386,381,636,2025-06-11 15:30:00,2025-06-11 23:45:00,Scheduled
153,LH455,769,591,2025-03-07 01:45:00,2025-03-07 09:45:00,Scheduled
154,QP805,703,795,2025-03-31 14:00:00,2025-04-01 02:45:00,Scheduled
155,SQ982,691,216,2025-07-14 18:00:00,2025-07-15 00:30:00,Scheduled
156,QP288,562,270,2025-05-02 08:45:00,2025-05-02 19:15:00,Delayed
157,G8561,216,430,2025-12-25 11:30:00,2025-12-26 02:15:00,Scheduled
158,UK668,135,590,2025-12-18 07:00:00,2025-12-18 19:30:00,Scheduled
159,SG531,391,201,2025-03-16 23:15:00,2025-03-17 07:15:00,Delayed
160,G8356,915,870,2025-11-19 16:30:00,2025-11-20 06:15:00,Delayed
161,G8587,582,49,2025-07-23 03:15:00,2025-07-23 04:30:00,Completed
162,LH670,99,461,2026-01-17 10:30:00,2026-01-17 17:00:00,Cancelled
163,SQ689,264,353,2025-01-11 13:00:00,2025-01-11 19:15:00,Completed
164,BA180,552,179,2026-02-04 09:30:00,2026-02-04 16:15:00,Scheduled
165,EK746,294,475,2025-11-20 04:15:00,2025-11-20 15:45:00,Completed
166,UK421,415,870,2026-04-10 02:00:00,2026-04-10 05:30:00,Scheduled
167,QP865,299,728,2025-05-17 19:45:00,2025-05-18 01:30:00,Delayed
168,SG845,989,462,2025-07-31 05:15:00,2025-07-31 19:15:00,Scheduled
169,EK205,258,964,2026-01-16 22:00:00,2026-01-17 02:15:00,Scheduled
170,LH883,960,900,2025-08-31 17:00:00,2025-08-31 18:45:00,Cancelled
171,G8334,107,269,2025-11-13 04:00:00,2025-11-13 15:45:00,Scheduled
172,AI135,291,454,2025-11-17 04:15:00,2025-11-17 13:30:00,Completed
173,LH555,882,938,2025-06-16 15:45:00,2025-06-17 06:15:00,Scheduled
174,LH755,972,715,2025-10-04 05:45:00,2025-10-04 17:30:00,Completed
175,BA415,318,931,2025-06-27 15:15:00,2025-06-28 04:15:00,Scheduled
176,QP393,267,160,2025-06-05 00:00:00,2025-06-05 09:15:00,Delayed
177,EK917,9,705,2026-04-18 15:45:00,2026-04-18 20:45:00,Scheduled
178,LH547,237,816,2025-01-04 17:30:00,2025-01-04 22:15:00,Scheduled
179,UK369,168,733,2026-01-13 20:45:00,2026-01-14 11:30:00,Scheduled
180,EK292,641,246,2025-09-22 19:30:00,2025-09-23 01:00:00,Completed
181,G8817,187,140,2025-05-29 03:45:00,2025-05-29 14:30:00,Completed
182,SG204,193,329,2025-01-10 04:00:00,2025-01-10 13:00:00,Scheduled
183,SG115,129,733,2025-08-13 23:00:00,2025-08-14 03:00:00,Delayed
184,QP182,351,431,2025-06-09 15:30:00,2025-06-09 23:30:00,Completed
185,SG296,975,150,2025-01-29 08:45:00,2025-01-29 11:30:00,Completed
186,EK889,257,837,2025-07-15 00:00:00,2025-07-15 13:15:00,Cancelled
187,LH781,254,756,2025-01-18 06:45:00,2025-01-18 18:45:00,Cancelled
188,LH633,485,399,2025-12-15 09:30:00,2025-12-15 12:30:00,Scheduled
189,6E341,493,654,2025-06-02 06:30:00,2025-06-02 07:45:00,Completed
190,AI143,333,16,2025-03-27 08:00:00,2025-03-27 15:15:00,Delayed
191,UK261,708,487,2025-12-19 19:15:00,2025-12-20 01:15:00,Delayed
192,SG818,703,634,2025-06-23 20:00:00,2025-06-23 21:30:00,Delayed
193,BA850,110,129,2025-09-07 07:30:00,2025-09-07 17:00:00,Scheduled
194,BA823,706,387,2025-07-03 23:15:00,2025-07-04 04:15:00,Scheduled
195,LH456,302,556,2025-12-23 15:15:00,2025-12-24 01:30:00,Scheduled
196,BA402,480,282,2026-03-21 19:15:00,2026-03-21 21:30:00,Completed
197,AI734,555,376,2025-08-21 00:45:00,2025-08-21 13:00:00,Completed
198,UK636,795,636,2025-05-03 10:00:00,2025-05-03 21:45:00,Completed
199,QP213,785,565,2025-03-20 19:30:00,2025-03-21 02:15:00,Scheduled
200,UK209,675,69,2025-01-23 04:15:00,2025-01-23 18:15:00,Delayed
201,LH738,102,33,2025-10-20 20:45:00,2025-10-21 08:30:00,Completed
202,BA952,263,51,2025-07-07 07:00:00,2025-07-07 08:15:00,Scheduled
203,AI943,821,655,2025-02-01 11:45:00,2025-02-02 02:15:00,Completed
204,LH199,542,42,2026-01-11 02:30:00,2026-01-11 04:45:00,Scheduled
205,SQ740,237,545,2025-07-17 06:15:00,2025-07-17 15:30:00,Cancelled
206,BA819,572,768,2025-10-13 13:00:00,2025-10-14 02:30:00,Completed
207,SG646,905,107,2025-03-27 05:45:00,2025-03-27 15:15:00,Cancelled
208,EK882,454,956,2025-06-30 10:30:00,2025-07-01 01:00:00,Completed
209,EK884,846,744,2025-06-15 19:15:00,2025-06-16 05:30:00,Delayed
210,AI391,763,261,2025-07-04 14:45:00,2025-07-04 21:45:00,Delayed
211,UK976,531,139,2026-04-01 09:00:00,2026-04-01 14:15:00,Scheduled
212,6E138,791,842,2026-04-28 22:30:00,2026-04-29 07:45:00,Delayed
213,G8194,160,142,2025-05-16 11:15:00,2025-05-16 15:45:00,Delayed
214,BA277,583,940,2025-04-22 23:00:00,2025-04-23 11:30:00,Delayed
215,AI848,921,707,2025-12-26 18:00:00,2025-12-27 04:30:00,Completed
216,EK988,391,81,2026-02-04 01:30:00,2026-02-04 08:15:00,Scheduled
217,AI412,789,233,2026-01-18 20:00:00,2026-01-19 07:45:00,Delayed
218,SG151,327,553,2025-10-17 04:30:00,2025-10-17 13:45:00,Completed
219,G8905,403,995,2025-08-17 19:00:00,2025-08-17 23:45:00,Scheduled
220,G8187,136,345,2025-02-12 15:00:00,2025-02-13 00:45:00,Scheduled
221,BA504,445,793,2025-12-24 04:15:00,2025-12-24 12:30:00,Completed
222,G8895,201,575,2025-11-12 23:15:00,2025-11-13 03:15:00,Scheduled
223,EK474,702,947,2025-10-22 02:00:00,2025-10-22 13:45:00,Scheduled
224,SG458,329,353,2025-11-01 20:00:00,2025-11-02 09:30:00,Completed
225,UK801,823,453,2025-11-16 04:45:00,2025-11-16 06:00:00,Scheduled
226,UK735,776,746,2026-03-13 02:00:00,2026-03-13 14:00:00,Cancelled
227,G8560,890,853,2026-02-24 09:00:00,2026-02-24 15:00:00,Delayed
228,LH594,340,215,2026-01-14 17:15:00,2026-01-14 21:45:00,Completed
229,G8274,145,712,2025-12-24 21:00:00,2025-12-25 04:00:00,Scheduled
230,AI168,206,809,2025-12-23 19:30:00,2025-12-23 21:15:00,Scheduled
231,AI399,278,679,2026-03-13 21:30:00,2026-03-14 11:30:00,Completed
232,SQ644,665,396,2025-04-29 12:00:00,2025-04-29 18:45:00,Scheduled
233,LH412,204,513,2026-05-10 14:00:00,2026-05-10 15:15:00,Scheduled
234,QP740,403,763,2025-03-22 00:30:00,2025-03-22 12:00:00,Scheduled
235,LH386,514,283,2026-02-20 01:30:00,2026-02-20 08:30:00,Scheduled
236,LH794,350,919,2025-07-21 21:15:00,2025-07-22 00:00:00,Completed
237,EK419,641,703,2025-04-27 13:15:00,2025-04-27 23:30:00,Cancelled
238,SQ654,338,460,2025-10-05 04:15:00,2025-10-05 15:30:00,Completed
239,SQ261,208,884,2025-03-12 09:15:00,2025-03-12 16:30:00,Scheduled
240,SG844,571,546,2026-05-01 23:00:00,2026-05-02 02:30:00,Scheduled
241,G8255,327,902,2026-05-14 13:45:00,2026-05-14 19:30:00,Completed
242,SQ337,110,135,2025-04-05 00:30:00,2025-04-05 10:45:00,Scheduled
243,QP288,27,368,2025-02-10 22:45:00,2025-02-11 02:30:00,Completed
244,EK882,504,486,2025-03-12 05:15:00,2025-03-12 09:15:00,Cancelled
245,UK167,948,277,2026-05-02 13:15:00,2026-05-03 01:30:00,Scheduled
246,BA352,978,450,2026-03-20 19:45:00,2026-03-21 08:15:00,Scheduled
247,EK726,795,43,2025-11-08 23:45:00,2025-11-09 12:15:00,Cancelled
248,BA567,586,609,2025-10-02 16:00:00,2025-10-03 01:00:00,Completed
249,LH496,44,899,2025-05-06 16:45:00,2025-05-07 04:45:00,Delayed
250,G8892,646,986,2025-01-26 06:30:00,2025-01-26 15:15:00,Completed
251,BA949,473,171,2025-08-05 09:00:00,2025-08-05 21:15:00,Completed
252,EK523,93,740,2025-09-14 03:15:00,2025-09-14 16:30:00,Scheduled
253,G8431,26,184,2025-08-21 18:15:00,2025-08-22 02:15:00,Completed
254,BA749,929,729,2026-02-12 05:00:00,2026-02-12 07:00:00,Scheduled
255,AI886,537,725,2025-07-16 23:15:00,2025-07-17 07:00:00,Scheduled
256,SG887,344,580,2026-03-23 21:15:00,2026-03-24 00:30:00,Completed
257,6E234,430,316,2025-06-08 23:45:00,2025-06-09 05:00:00,Cancelled
258,BA656,4,638,2026-01-27 08:00:00,2026-01-27 16:45:00,Completed
259,BA519,623,904,2025-09-10 07:15:00,2025-09-10 18:00:00,Scheduled
260,AI289,616,615,2025-01-04 07:30:00,2025-01-04 17:45:00,Scheduled
261,QP189,669,358,2025-01-19 04:00:00,2025-01-19 15:30:00,Scheduled
262,BA867,427,183,2025-03-24 21:30:00,2025-03-25 07:45:00,Delayed
263,6E876,954,37,2025-02-17 09:30:00,2025-02-17 16:15:00,Scheduled
264,QP639,564,67,2025-05-30 15:15:00,2025-05-30 17:45:00,Scheduled
265,BA841,215,713,2025-04-18 19:00:00,2025-04-18 21:00:00,Completed
266,G8638,957,808,2025-12-28 09:45:00,2025-12-28 20:15:00,Delayed
267,BA927,639,363,2026-04-20 04:45:00,2026-04-20 14:30:00,Scheduled
268,AI576,625,239,2025-12-29 09:15:00,2025-12-29 10:15:00,Completed
269,QP458,121,756,2026-03-11 06:45:00,2026-03-11 13:45:00,Delayed
270,G8909,653,218,2025-01-06 20:15:00,2025-01-07 08:45:00,Scheduled
271,QP505,308,519,2025-10-09 10:00:00,2025-10-09 12:30:00,Completed
272,BA585,631,984,2025-01-15 05:15:00,2025-01-15 11:45:00,Completed
273,BA902,662,140,2025-09-04 04:45:00,2025-09-04 19:15:00,Completed
274,LH648,951,761,2025-01-29 16:30:00,2025-01-30 03:00:00,Scheduled
275,AI447,592,702,2025-06-19 11:00:00,2025-06-19 14:30:00,Cancelled
276,G8822,642,548,2026-03-08 05:45:00,2026-03-08 08:45:00,Completed
277,QP562,727,33,2025-05-20 13:00:00,2025-05-20 21:15:00,Completed
278,AI896,310,222,2025-09-26 09:15:00,2025-09-26 11:45:00,Scheduled
279,UK448,95,455,2025-09-17 00:45:00,2025-09-17 10:00:00,Cancelled
280,LH792,751,895,2025-09-26 09:30:00,2025-09-26 12:30:00,Cancelled
281,AI418,211,742,2025-01-19 14:45:00,2025-01-20 02:45:00,Cancelled
282,6E633,704,869,2025-11-01 02:30:00,2025-11-01 10:30:00,Completed
283,QP305,764,320,2025-01-12 18:30:00,2025-01-13 05:45:00,Scheduled
284,SG380,284,546,2025-06-13 14:00:00,2025-06-13 19:15:00,Scheduled
285,LH426,982,638,2025-10-14 16:00:00,2025-10-14 20:30:00,Scheduled
286,G8727,966,722,2026-02-16 09:15:00,2026-02-16 12:15:00,Completed
287,6E492,554,455,2025-01-26 04:00:00,2025-01-26 12:00:00,Scheduled
288,G8440,437,402,2025-04-02 22:45:00,2025-04-03 09:15:00,Completed
289,SQ234,731,777,2025-12-10 17:00:00,2025-12-11 06:45:00,Scheduled
290,BA581,822,942,2025-12-24 14:00:00,2025-12-24 22:30:00,Scheduled
291,SG816,230,148,2026-03-17 19:30:00,2026-03-18 02:15:00,Cancelled
292,6E586,339,808,2026-03-17 10:45:00,2026-03-17 18:45:00,Scheduled
293,SQ688,491,473,2026-03-10 05:30:00,2026-03-10 19:00:00,Scheduled
294,G8645,106,416,2026-02-23 22:00:00,2026-02-24 04:00:00,Delayed
295,BA493,605,424,2025-05-03 19:15:00,2025-05-04 04:30:00,Scheduled
296,SQ906,214,834,2025-12-22 18:45:00,2025-12-23 08:30:00,Scheduled
297,6E706,711,242,2025-03-30 21:00:00,2025-03-31 09:45:00,Delayed
298,6E712,334,569,2025-02-19 14:15:00,2025-02-19 20:00:00,Scheduled
299,6E322,834,611,2026-01-30 12:30:00,2026-01-30 20:30:00,Completed
300,SG563,909,595,2026-04-08 20:00:00,2026-04-09 09:15:00,Delayed
301,G8683,400,631,2025-10-23 14:15:00,2025-10-23 18:45:00,Completed
302,SQ622,696,312,2026-04-16 13:30:00,2026-04-16 15:30:00,Scheduled
303,AI820,131,873,2025-05-31 01:30:00,2025-05-31 10:30:00,Delayed
304,SQ503,368,113,2026-03-17 09:00:00,2026-03-17 13:45:00,Completed
305,SG586,729,392,2025-07-27 12:45:00,2025-07-27 22:00:00,Scheduled
306,SG237,569,394,2026-03-08 11:45:00,2026-03-08 15:15:00,Scheduled
307,SG186,664,17,2025-03-15 23:45:00,2025-03-16 11:30:00,Scheduled
308,BA621,826,426,2026-03-17 14:45:00,2026-03-18 01:00:00,Scheduled
309,SQ107,840,461,2025-07-16 11:15:00,2025-07-16 15:00:00,Delayed
310,AI138,868,749,2025-05-02 22:30:00,2025-05-03 06:00:00,Delayed
311,SG847,722,378,2025-02-27 18:45:00,2025-02-28 06:45:00,Completed
312,LH724,880,769,2026-02-03 08:45:00,2026-02-03 17:45:00,Scheduled
313,SQ154,484,646,2026-01-15 21:00:00,2026-01-16 08:30:00,Cancelled
314,SQ851,548,798,2025-01-06 15:45:00,2025-01-07 01:30:00,Scheduled
315,SQ867,362,984,2026-05-16 09:30:00,2026-05-16 12:30:00,Scheduled
316,SQ152,804,578,2025-05-14 01:45:00,2025-05-14 12:00:00,Completed
317,6E229,299,829,2026-01-13 19:00:00,2026-01-14 00:45:00,Delayed
318,G8978,872,803,2025-05-23 08:15:00,2025-05-23 18:45:00,Scheduled
319,QP927,760,115,2025-11-06 05:15:00,2025-11-06 17:00:00,Scheduled
320,QP186,802,718,2025-05-01 15:15:00,2025-05-02 04:15:00,Cancelled
321,EK343,610,957,2026-02-25 04:45:00,2026-02-25 18:30:00,Completed
322,6E153,744,653,2025-03-27 06:30:00,2025-03-27 08:00:00,Scheduled
323,BA368,409,488,2025-06-04 15:15:00,2025-06-04 23:00:00,Scheduled
324,LH799,892,446,2025-01-07 09:45:00,2025-01-07 17:15:00,Cancelled
325,SQ767,100,940,2025-09-30 20:30:00,2025-10-01 11:15:00,Completed
326,BA891,344,277,2025-05-17 03:30:00,2025-05-17 15:15:00,Completed
327,SG420,248,752,2025-12-11 18:15:00,2025-12-12 03:45:00,Delayed
328,LH206,689,9,2026-03-02 02:00:00,2026-03-02 09:00:00,Completed
329,AI734,360,225,2026-01-07 09:30:00,2026-01-07 13:30:00,Scheduled
330,6E976,962,609,2025-12-03 06:00:00,2025-12-03 18:00:00,Completed
331,G8401,385,673,2026-01-27 20:15:00,2026-01-27 22:30:00,Delayed
332,QP363,959,78,2025-11-24 14:30:00,2025-11-25 04:15:00,Scheduled
333,AI364,76,284,2026-02-02 01:45:00,2026-02-02 09:15:00,Cancelled
334,SG760,272,183,2025-08-14 02:45:00,2025-08-14 07:30:00,Delayed
335,BA832,148,554,2026-01-29 13:15:00,2026-01-29 23:15:00,Scheduled
336,AI609,36,75,2025-02-06 18:30:00,2025-02-07 08:15:00,Scheduled
337,QP500,656,1,2026-04-23 01:45:00,2026-04-23 07:00:00,Delayed
338,6E653,528,725,2026-04-27 15:45:00,2026-04-27 23:30:00,Scheduled
339,QP798,394,978,2025-12-19 15:00:00,2025-12-20 01:30:00,Scheduled
340,6E961,57,648,2026-05-06 20:00:00,2026-05-07 02:30:00,Delayed
341,EK776,785,297,2025-11-28 06:15:00,2025-11-28 15:15:00,Scheduled
342,BA852,713,400,2026-04-04 03:30:00,2026-04-04 11:30:00,Scheduled
343,6E911,37,198,2025-01-13 23:15:00,2025-01-14 08:00:00,Delayed
344,AI445,316,512,2025-10-01 14:00:00,2025-10-01 15:30:00,Completed
345,SQ338,44,416,2025-03-02 06:45:00,2025-03-02 18:00:00,Cancelled
346,UK818,38,754,2025-03-14 15:00:00,2025-03-14 23:00:00,Completed
347,BA725,15,177,2025-11-20 01:30:00,2025-11-20 15:30:00,Scheduled
348,6E923,606,66,2026-02-23 03:00:00,2026-02-23 11:15:00,Scheduled
349,SQ658,346,831,2026-03-04 23:45:00,2026-03-05 05:45:00,Scheduled
350,QP164,857,988,2026-02-11 06:00:00,2026-02-11 16:15:00,Scheduled
351,BA349,145,776,2025-08-01 05:30:00,2025-08-01 14:45:00,Cancelled
352,AI598,42,137,2025-02-21 20:45:00,2025-02-22 10:00:00,Scheduled
353,SG311,8,184,2026-04-20 02:30:00,2026-04-20 10:15:00,Scheduled
354,SQ284,278,536,2025-08-19 13:15:00,2025-08-19 16:15:00,Completed
355,AI671,627,974,2025-02-15 20:30:00,2025-02-16 03:15:00,Scheduled
356,BA888,121,543,2026-05-16 03:30:00,2026-05-16 17:45:00,Completed
357,BA609,214,284,2025-01-28 06:00:00,2025-01-28 19:15:00,Scheduled
358,EK357,687,945,2025-01-23 01:30:00,2025-01-23 06:45:00,Scheduled
359,LH280,825,912,2026-01-24 14:00:00,2026-01-24 16:00:00,Scheduled
360,SQ693,30,497,2025-09-21 03:00:00,2025-09-21 07:45:00,Scheduled
361,QP333,204,766,2025-12-13 10:15:00,2025-12-13 23:15:00,Scheduled
362,BA699,756,423,2026-03-22 06:45:00,2026-03-22 10:45:00,Delayed
363,QP239,912,447,2025-03-16 06:45:00,2025-03-16 10:30:00,Delayed
364,AI808,199,648,2025-07-03 08:15:00,2025-07-03 14:30:00,Delayed
365,QP325,288,140,2025-02-26 14:45:00,2025-02-26 22:00:00,Completed
366,6E521,619,161,2026-02-09 20:15:00,2026-02-10 06:30:00,Completed
367,G8114,501,883,2025-04-21 18:45:00,2025-04-22 09:30:00,Completed
368,SQ252,754,894,2025-05-07 07:30:00,2025-05-07 14:45:00,Cancelled
369,EK643,920,6,2025-08-02 01:00:00,2025-08-02 09:00:00,Scheduled
370,6E671,830,818,2025-12-23 03:45:00,2025-12-23 12:00:00,Completed
371,UK763,710,750,2025-07-28 06:15:00,2025-07-28 12:45:00,Cancelled
372,SQ865,17,492,2025-12-09 09:15:00,2025-12-09 22:00:00,Delayed
373,BA820,1000,466,2025-08-26 04:45:00,2025-08-26 08:15:00,Completed
374,G8536,882,643,2025-02-06 12:30:00,2025-02-06 21:30:00,Completed
375,SQ443,715,969,2025-11-10 17:15:00,2025-11-11 06:15:00,Completed
376,EK474,57,528,2026-04-30 21:30:00,2026-04-30 22:30:00,Delayed
377,SG442,42,375,2025-07-07 05:00:00,2025-07-07 14:15:00,Scheduled
378,QP461,117,665,2025-09-02 23:15:00,2025-09-03 12:30:00,Completed
379,QP563,516,697,2025-08-05 08:00:00,2025-08-05 10:30:00,Delayed
380,6E292,540,850,2025-03-04 15:30:00,2025-03-05 00:00:00,Completed
381,6E268,469,90,2025-02-11 12:15:00,2025-02-11 17:15:00,Scheduled
382,G8526,714,152,2025-09-12 04:15:00,2025-09-12 13:15:00,Cancelled
383,AI398,555,955,2025-03-09 15:30:00,2025-03-09 23:15:00,Scheduled
384,QP597,23,893,2026-02-15 07:30:00,2026-02-15 15:00:00,Delayed
385,SQ235,714,543,2026-03-08 17:45:00,2026-03-09 02:15:00,Completed
386,G8888,314,176,2026-02-09 08:15:00,2026-02-09 16:45:00,Completed
387,LH392,152,362,2025-05-26 14:15:00,2025-05-27 00:30:00,Scheduled
388,6E142,180,860,2025-12-29 22:15:00,2025-12-30 01:30:00,Cancelled
389,LH824,589,130,2025-08-14 08:30:00,2025-08-14 11:45:00,Scheduled
390,LH408,325,353,2025-03-17 11:45:00,2025-03-17 21:00:00,Scheduled
391,SG104,26,415,2026-04-22 15:15:00,2026-04-22 23:45:00,Cancelled
392,SQ782,560,1000,2025-09-17 10:30:00,2025-09-17 19:00:00,Scheduled
393,BA141,579,747,2026-04-10 14:30:00,2026-04-11 02:30:00,Scheduled
394,BA465,565,120,2025-06-07 00:45:00,2025-06-07 11:00:00,Scheduled
395,UK123,57,623,2025-11-25 06:15:00,2025-11-25 19:45:00,Scheduled
396,UK602,870,457,2025-12-13 21:00:00,2025-12-14 06:45:00,Scheduled
397,EK478,620,524,2026-04-29 01:30:00,2026-04-29 08:45:00,Scheduled
398,UK845,13,292,2025-06-26 11:30:00,2025-06-26 19:30:00,Completed
399,EK242,760,426,2026-02-16 14:30:00,2026-02-16 18:15:00,Completed
400,6E704,613,89,2025-03-15 06:30:00,2025-03-15 15:00:00,Completed
401,LH573,91,7,2025-07-29 20:30:00,2025-07-30 03:45:00,Completed
402,G8667,774,937,2025-03-12 06:15:00,2025-03-12 21:00:00,Delayed
403,UK127,843,847,2025-06-04 18:30:00,2025-06-05 03:15:00,Completed
404,EK283,158,269,2025-06-03 20:45:00,2025-06-03 23:15:00,Delayed
405,BA168,705,661,2025-05-06 00:00:00,2025-05-06 13:30:00,Delayed
406,BA810,371,596,2025-09-04 18:45:00,2025-09-05 09:15:00,Completed
407,SG695,383,525,2026-01-11 18:00:00,2026-01-12 08:30:00,Scheduled
408,AI379,328,473,2026-03-26 22:15:00,2026-03-27 04:30:00,Scheduled
409,LH754,652,934,2026-05-05 11:00:00,2026-05-05 16:30:00,Cancelled
410,SQ870,527,199,2026-01-28 20:15:00,2026-01-29 09:15:00,Scheduled
411,6E647,331,894,2025-06-11 21:30:00,2025-06-12 03:00:00,Delayed
412,EK448,844,148,2025-01-07 04:30:00,2025-01-07 11:15:00,Cancelled
413,LH728,167,105,2025-04-22 04:15:00,2025-04-22 18:30:00,Completed
414,6E219,976,539,2026-03-10 17:00:00,2026-03-11 00:45:00,Completed
415,SG936,946,18,2025-09-03 11:30:00,2025-09-04 00:00:00,Scheduled
416,AI862,612,536,2026-01-26 10:15:00,2026-01-26 22:45:00,Completed
417,G8228,228,132,2026-03-15 22:15:00,2026-03-16 10:30:00,Scheduled
418,EK143,81,436,2025-12-20 03:00:00,2025-12-20 04:45:00,Scheduled
419,G8144,34,813,2025-12-04 16:00:00,2025-12-05 00:00:00,Scheduled
420,SQ304,684,11,2026-01-22 03:00:00,2026-01-22 13:15:00,Scheduled
421,QP264,360,30,2025-02-16 04:30:00,2025-02-16 15:00:00,Completed
422,LH322,800,747,2025-11-10 07:00:00,2025-11-10 09:00:00,Completed
423,UK616,988,289,2025-03-29 17:00:00,2025-03-30 05:00:00,Completed
424,SG954,487,376,2025-12-24 18:15:00,2025-12-25 02:15:00,Scheduled
425,QP226,389,435,2025-04-20 16:15:00,2025-04-20 23:15:00,Delayed
426,6E435,533,140,2025-09-11 11:30:00,2025-09-11 20:30:00,Delayed
427,UK667,395,291,2025-08-22 19:30:00,2025-08-23 07:15:00,Scheduled
428,SG113,876,439,2025-04-07 02:45:00,2025-04-07 14:15:00,Cancelled
429,6E246,504,689,2025-02-23 12:45:00,2025-02-23 21:45:00,Scheduled
430,UK446,712,605,2026-05-16 03:15:00,2026-05-16 05:45:00,Scheduled
431,G8883,865,414,2025-03-04 07:45:00,2025-03-04 20:30:00,Completed
432,SQ514,596,608,2025-05-20 20:45:00,2025-05-21 03:30:00,Cancelled
433,BA609,524,286,2025-03-17 14:00:00,2025-03-17 16:30:00,Scheduled
434,BA794,966,138,2025-01-16 03:00:00,2025-01-16 17:00:00,Scheduled
435,SQ738,184,392,2025-11-06 21:30:00,2025-11-07 01:00:00,Scheduled
436,UK400,79,677,2026-01-20 16:45:00,2026-01-21 06:30:00,Completed
437,AI540,503,517,2025-05-14 17:30:00,2025-05-15 06:30:00,Completed
438,AI133,122,393,2025-08-19 10:45:00,2025-08-19 19:30:00,Scheduled
439,SG419,676,882,2026-02-04 09:15:00,2026-02-04 18:00:00,Completed
440,BA675,500,783,2025-02-26 18:45:00,2025-02-27 06:30:00,Completed
441,SQ792,519,58,2025-07-20 08:45:00,2025-07-20 19:30:00,Scheduled
442,QP928,292,329,2025-02-01 00:00:00,2025-02-01 03:30:00,Completed
443,EK453,28,784,2026-04-02 20:30:00,2026-04-03 03:30:00,Cancelled
444,G8706,422,360,2025-01-29 21:15:00,2025-01-30 01:30:00,Scheduled
445,AI651,705,68,2026-03-21 09:00:00,2026-03-21 15:15:00,Scheduled
446,BA702,472,674,2026-03-19 13:45:00,2026-03-19 18:45:00,Scheduled
447,BA202,325,387,2025-10-20 12:30:00,2025-10-20 22:30:00,Completed
448,QP546,211,345,2025-09-12 16:30:00,2025-09-12 20:00:00,Scheduled
449,AI404,651,868,2026-05-14 02:15:00,2026-05-14 07:45:00,Cancelled
450,SQ444,412,824,2025-04-26 19:00:00,2025-04-27 07:00:00,Scheduled
451,6E767,581,821,2025-09-29 15:45:00,2025-09-29 20:15:00,Completed
452,EK357,517,824,2025-06-03 13:30:00,2025-06-03 18:15:00,Completed
453,SQ611,465,688,2026-01-26 17:15:00,2026-01-26 18:30:00,Scheduled
454,SQ844,986,844,2026-01-16 14:30:00,2026-01-17 02:15:00,Completed
455,G8964,535,206,2025-07-06 14:15:00,2025-07-06 18:30:00,Scheduled
456,G8943,327,881,2026-03-02 02:15:00,2026-03-02 17:00:00,Scheduled
457,6E253,165,263,2025-12-18 19:15:00,2025-12-19 02:30:00,Scheduled
458,EK762,252,817,2026-02-28 09:45:00,2026-02-28 18:30:00,Cancelled
459,LH280,207,164,2025-05-20 04:00:00,2025-05-20 09:30:00,Completed
460,QP716,44,987,2026-01-05 15:00:00,2026-01-05 16:00:00,Scheduled
461,EK959,66,923,2026-05-05 13:30:00,2026-05-06 00:30:00,Completed
462,BA192,144,242,2025-02-27 18:00:00,2025-02-28 03:30:00,Scheduled
463,UK533,126,792,2026-02-18 10:30:00,2026-02-19 01:15:00,Scheduled
464,SQ157,110,180,2025-04-20 08:45:00,2025-04-20 16:15:00,Delayed
465,BA799,384,717,2026-05-01 03:30:00,2026-05-01 13:15:00,Scheduled
466,G8121,285,901,2026-02-06 04:30:00,2026-02-06 13:00:00,Completed
467,G8665,927,621,2025-01-18 23:00:00,2025-01-19 11:15:00,Scheduled
468,BA497,655,982,2025-12-25 11:00:00,2025-12-25 20:15:00,Scheduled
469,G8315,984,403,2026-04-20 08:30:00,2026-04-20 10:45:00,Completed
470,AI380,165,938,2025-08-13 20:30:00,2025-08-14 10:15:00,Completed
471,QP834,843,799,2026-04-27 15:45:00,2026-04-28 04:30:00,Scheduled
472,QP530,941,840,2025-02-21 05:30:00,2025-02-21 14:30:00,Completed
473,AI756,833,561,2026-01-13 10:45:00,2026-01-13 22:45:00,Completed
474,UK743,646,455,2026-02-10 20:15:00,2026-02-10 22:00:00,Scheduled
475,SQ802,590,85,2025-02-26 05:15:00,2025-02-26 14:30:00,Scheduled
476,SQ946,962,328,2025-08-20 15:15:00,2025-08-20 20:30:00,Scheduled
477,EK954,289,204,2025-02-13 13:30:00,2025-02-13 17:15:00,Completed
478,UK368,230,22,2026-05-01 00:15:00,2026-05-01 03:00:00,Completed
479,SG191,173,51,2025-07-25 19:45:00,2025-07-26 06:15:00,Cancelled
480,BA947,175,970,2025-10-18 03:00:00,2025-10-18 15:45:00,Completed
481,G8864,122,230,2026-01-01 06:15:00,2026-01-01 20:45:00,Delayed
482,UK528,134,442,2026-03-15 06:15:00,2026-03-15 20:45:00,Scheduled
483,UK478,812,150,2025-01-15 09:30:00,2025-01-15 14:15:00,Delayed
484,EK803,663,470,2025-02-13 00:45:00,2025-02-13 04:15:00,Scheduled
485,LH160,393,726,2025-08-05 23:30:00,2025-08-06 01:30:00,Scheduled
486,LH734,954,241,2025-08-30 11:00:00,2025-08-30 12:30:00,Scheduled
487,G8273,405,688,2025-07-09 04:00:00,2025-07-09 14:15:00,Delayed
488,LH543,953,348,2026-03-26 14:15:00,2026-03-26 16:45:00,Scheduled
489,QP540,120,321,2025-01-23 04:45:00,2025-01-23 19:15:00,Scheduled
490,QP854,898,270,2025-11-10 08:30:00,2025-11-10 15:45:00,Cancelled
491,SG155,783,973,2025-03-19 17:45:00,2025-03-19 19:00:00,Scheduled
492,BA141,37,482,2025-05-14 05:45:00,2025-05-14 12:45:00,Scheduled
493,6E457,727,575,2025-09-06 14:45:00,2025-09-06 17:00:00,Scheduled
494,SQ104,890,291,2025-04-03 05:30:00,2025-04-03 15:45:00,Delayed
495,6E436,585,185,2025-08-02 02:15:00,2025-08-02 16:00:00,Scheduled
496,QP257,698,697,2025-03-04 12:30:00,2025-03-04 22:30:00,Scheduled
497,SQ773,472,851,2025-12-29 21:45:00,2025-12-30 06:15:00,Scheduled
498,UK983,994,45,2025-12-02 19:45:00,2025-12-03 02:00:00,Scheduled
499,6E508,660,290,2025-06-15 01:00:00,2025-06-15 10:45:00,Scheduled
500,SG497,246,989,2026-01-30 12:00:00,2026-01-30 13:15:00,Completed
501,BA920,292,663,2026-01-21 20:15:00,2026-01-21 22:45:00,Scheduled
502,QP624,826,944,2025-06-08 21:15:00,2025-06-09 03:15:00,Scheduled
503,6E874,457,907,2025-07-18 15:30:00,2025-07-19 02:15:00,Scheduled
504,LH449,378,629,2025-04-06 13:45:00,2025-04-06 15:45:00,Cancelled
505,G8579,693,230,2025-11-28 21:15:00,2025-11-29 05:15:00,Scheduled
506,UK635,929,821,2025-09-02 09:15:00,2025-09-02 12:45:00,Scheduled
507,LH535,583,49,2025-10-10 02:00:00,2025-10-10 11:00:00,Scheduled
508,SQ183,476,677,2026-01-04 18:30:00,2026-01-05 01:00:00,Completed
509,EK146,17,117,2026-01-15 21:45:00,2026-01-16 01:00:00,Scheduled
510,SQ927,898,722,2025-06-02 10:45:00,2025-06-03 00:30:00,Scheduled
511,SQ365,990,941,2026-03-23 05:15:00,2026-03-23 08:15:00,Completed
512,AI275,109,445,2025-10-01 00:00:00,2025-10-01 07:00:00,Completed
513,EK923,472,709,2025-07-27 21:45:00,2025-07-28 03:15:00,Scheduled
514,UK979,129,139,2025-01-08 06:00:00,2025-01-08 20:00:00,Scheduled
515,6E408,493,665,2025-03-16 20:15:00,2025-03-17 03:30:00,Completed
516,BA596,152,486,2025-08-05 00:00:00,2025-08-05 03:15:00,Delayed
517,AI441,881,461,2025-10-27 07:15:00,2025-10-27 13:00:00,Scheduled
518,SQ710,646,868,2026-01-01 13:45:00,2026-01-02 04:30:00,Completed
519,UK831,298,38,2025-09-07 12:45:00,2025-09-07 22:30:00,Scheduled
520,BA219,20,433,2025-10-23 10:00:00,2025-10-23 15:45:00,Delayed
521,G8843,962,662,2025-06-27 14:45:00,2025-06-27 16:00:00,Scheduled
522,SQ973,353,449,2025-04-29 16:15:00,2025-04-30 02:45:00,Completed
523,BA918,673,480,2025-03-09 09:45:00,2025-03-09 17:15:00,Cancelled
524,SG277,166,637,2025-04-17 09:00:00,2025-04-17 20:45:00,Scheduled
525,UK670,621,504,2025-02-21 13:45:00,2025-02-21 19:00:00,Scheduled
526,SG947,19,368,2026-03-28 08:30:00,2026-03-28 19:45:00,Completed
527,SQ332,516,33,2026-02-18 02:30:00,2026-02-18 09:30:00,Scheduled
528,LH373,230,499,2025-05-13 10:30:00,2025-05-13 23:30:00,Completed
529,BA918,874,707,2026-03-24 16:00:00,2026-03-25 04:00:00,Delayed
530,LH207,862,774,2025-02-26 03:00:00,2025-02-26 17:00:00,Scheduled
531,BA880,121,892,2025-04-16 11:15:00,2025-04-16 23:45:00,Delayed
532,6E968,751,892,2025-02-20 04:30:00,2025-02-20 10:45:00,Scheduled
533,QP393,993,426,2026-01-29 00:15:00,2026-01-29 15:00:00,Delayed
534,SG871,88,273,2025-07-10 22:45:00,2025-07-11 05:00:00,Completed
535,BA972,432,807,2025-04-27 04:45:00,2025-04-27 12:30:00,Delayed
536,LH171,699,371,2026-04-29 00:45:00,2026-04-29 03:45:00,Scheduled
537,AI776,323,412,2026-01-31 05:45:00,2026-01-31 07:30:00,Cancelled
538,LH994,155,925,2025-10-22 01:30:00,2025-10-22 09:15:00,Scheduled
539,LH725,761,322,2026-04-11 11:00:00,2026-04-12 01:30:00,Cancelled
540,QP931,718,414,2025-08-17 20:15:00,2025-08-18 06:00:00,Completed
541,EK842,415,795,2025-04-12 09:00:00,2025-04-12 10:30:00,Completed
542,LH665,901,130,2025-09-24 17:30:00,2025-09-24 21:30:00,Scheduled
543,UK952,349,776,2025-11-22 05:00:00,2025-11-22 06:30:00,Completed
544,G8742,744,433,2025-09-16 03:00:00,2025-09-16 17:30:00,Delayed
545,SQ854,127,49,2026-01-23 20:00:00,2026-01-24 04:30:00,Scheduled
546,G8782,348,242,2026-02-17 23:15:00,2026-02-18 05:45:00,Completed
547,6E435,733,587,2025-12-11 04:45:00,2025-12-11 14:00:00,Delayed
548,EK948,198,843,2026-02-03 11:45:00,2026-02-03 14:00:00,Scheduled
549,6E478,95,64,2025-08-06 04:45:00,2025-08-06 09:30:00,Completed
550,SQ610,413,603,2025-10-14 16:45:00,2025-10-15 07:15:00,Completed
551,SG617,451,706,2026-04-22 15:45:00,2026-04-23 06:00:00,Scheduled
552,BA584,729,469,2025-03-08 22:00:00,2025-03-09 10:15:00,Scheduled
553,6E223,161,967,2025-10-14 11:00:00,2025-10-14 21:45:00,Scheduled
554,QP410,297,42,2025-09-25 04:00:00,2025-09-25 10:30:00,Scheduled
555,G8320,29,811,2025-03-15 04:45:00,2025-03-15 06:15:00,Scheduled
556,EK592,758,501,2025-01-02 03:30:00,2025-01-02 05:30:00,Delayed
557,SG616,580,464,2026-04-06 10:45:00,2026-04-06 19:00:00,Completed
558,6E919,780,461,2025-12-08 14:15:00,2025-12-09 04:45:00,Completed
559,BA853,639,420,2025-07-18 07:45:00,2025-07-18 13:45:00,Scheduled
560,LH760,91,887,2025-03-26 22:00:00,2025-03-27 08:30:00,Scheduled
561,BA614,573,88,2025-04-09 19:00:00,2025-04-10 05:15:00,Completed
562,UK351,124,675,2026-04-25 17:15:00,2026-04-25 18:45:00,Completed
563,EK703,860,909,2025-10-24 14:00:00,2025-10-25 03:30:00,Scheduled
564,AI980,883,957,2025-01-12 10:45:00,2025-01-12 14:30:00,Delayed
565,G8247,392,264,2025-02-16 03:00:00,2025-02-16 12:15:00,Scheduled
566,AI729,787,92,2025-03-20 09:45:00,2025-03-20 21:00:00,Cancelled
567,QP245,186,28,2026-01-01 01:30:00,2026-01-01 08:30:00,Scheduled
568,SQ700,332,265,2025-07-12 03:00:00,2025-07-12 07:15:00,Scheduled
569,QP575,521,771,2025-09-16 12:00:00,2025-09-16 17:00:00,Delayed
570,LH700,68,496,2025-01-15 13:15:00,2025-01-15 14:45:00,Completed
571,BA185,253,782,2025-10-12 20:15:00,2025-10-13 02:00:00,Completed
572,UK650,513,209,2026-02-05 04:30:00,2026-02-05 13:45:00,Cancelled
573,SQ396,985,934,2025-10-12 14:00:00,2025-10-12 15:45:00,Completed
574,EK459,172,1,2025-01-31 15:30:00,2025-02-01 02:00:00,Completed
575,LH676,218,600,2026-03-07 16:30:00,2026-03-07 17:45:00,Scheduled
576,EK315,92,405,2025-12-24 03:15:00,2025-12-24 15:45:00,Completed
577,BA379,981,822,2025-06-12 21:30:00,2025-06-13 09:00:00,Scheduled
578,AI723,330,350,2025-04-18 14:30:00,2025-04-18 15:45:00,Delayed
579,EK651,924,10,2025-12-11 05:45:00,2025-12-11 15:30:00,Scheduled
580,6E461,898,665,2025-11-30 02:00:00,2025-11-30 16:45:00,Cancelled
581,6E573,386,848,2025-11-04 11:45:00,2025-11-04 14:45:00,Scheduled
582,QP296,198,456,2025-01-05 07:00:00,2025-01-05 20:30:00,Scheduled
583,QP137,629,641,2025-06-05 22:15:00,2025-06-06 03:00:00,Scheduled
584,EK213,927,721,2025-12-28 19:15:00,2025-12-28 20:30:00,Completed
585,6E702,583,513,2025-09-10 05:15:00,2025-09-10 16:30:00,Scheduled
586,UK968,67,131,2025-05-13 18:15:00,2025-05-14 03:45:00,Completed
587,AI537,994,710,2025-12-14 17:30:00,2025-12-15 05:15:00,Completed
588,G8224,966,666,2025-01-27 10:45:00,2025-01-28 01:30:00,Completed
589,AI384,478,508,2025-07-05 16:00:00,2025-07-06 04:15:00,Cancelled
590,6E685,546,460,2025-06-11 00:45:00,2025-06-11 05:15:00,Completed
591,UK268,756,232,2026-05-16 22:45:00,2026-05-17 01:00:00,Scheduled
592,AI706,65,642,2025-11-17 03:00:00,2025-11-17 11:45:00,Completed
593,UK448,958,343,2026-03-07 08:15:00,2026-03-07 11:00:00,Completed
594,6E740,842,342,2025-09-24 07:00:00,2025-09-24 20:45:00,Scheduled
595,6E901,128,88,2026-05-14 01:00:00,2026-05-14 08:30:00,Scheduled
596,6E204,942,822,2025-08-15 01:30:00,2025-08-15 12:15:00,Completed
597,UK985,573,54,2025-05-31 12:45:00,2025-05-31 15:30:00,Delayed
598,SQ734,676,639,2025-01-06 14:45:00,2025-01-06 23:30:00,Scheduled
599,SQ297,667,961,2025-12-12 00:45:00,2025-12-12 10:15:00,Scheduled
600,LH362,13,610,2026-01-01 02:15:00,2026-01-01 12:30:00,Scheduled
601,AI161,493,743,2025-11-14 14:15:00,2025-11-14 18:30:00,Scheduled
602,SG580,599,447,2025-09-20 20:30:00,2025-09-21 01:45:00,Scheduled
603,LH938,352,299,2025-07-08 00:15:00,2025-07-08 01:30:00,Completed
604,6E449,880,56,2025-08-05 11:15:00,2025-08-05 15:30:00,Scheduled
605,SQ406,488,712,2025-12-21 14:30:00,2025-12-22 05:00:00,Scheduled
606,UK809,167,108,2025-08-21 01:45:00,2025-08-21 05:45:00,Scheduled
607,UK509,639,219,2025-05-03 15:30:00,2025-05-04 05:15:00,Scheduled
608,SG397,7,372,2025-01-06 02:30:00,2025-01-06 03:30:00,Scheduled
609,UK390,647,600,2026-04-13 11:00:00,2026-04-13 12:15:00,Scheduled
610,SG300,907,269,2026-01-04 05:30:00,2026-01-04 19:45:00,Scheduled
611,EK770,864,269,2026-04-12 03:00:00,2026-04-12 17:15:00,Completed
612,QP928,114,347,2026-04-25 06:30:00,2026-04-25 14:45:00,Scheduled
613,6E247,176,964,2025-09-27 19:45:00,2025-09-28 07:45:00,Completed
614,QP713,134,814,2025-04-08 06:45:00,2025-04-08 19:15:00,Scheduled
615,SG435,652,251,2026-04-17 01:15:00,2026-04-17 15:45:00,Scheduled
616,BA909,645,815,2025-05-24 04:45:00,2025-05-24 08:45:00,Completed
617,SG429,67,172,2025-09-18 12:30:00,2025-09-18 21:15:00,Completed
618,SQ510,539,712,2025-09-05 22:45:00,2025-09-06 07:15:00,Completed
619,BA983,810,598,2025-11-29 01:15:00,2025-11-29 05:30:00,Scheduled
620,G8663,224,314,2025-08-06 12:15:00,2025-08-07 02:45:00,Scheduled
621,BA624,770,87,2025-06-01 14:30:00,2025-06-01 18:30:00,Completed
622,QP379,437,462,2025-08-28 13:45:00,2025-08-28 20:30:00,Scheduled
623,G8962,184,453,2025-04-30 08:00:00,2025-04-30 14:00:00,Delayed
624,6E468,560,660,2025-02-10 08:15:00,2025-02-10 10:15:00,Scheduled
625,G8295,206,342,2025-04-11 21:30:00,2025-04-12 03:00:00,Completed
626,G8942,142,876,2026-01-21 22:30:00,2026-01-22 00:00:00,Scheduled
627,EK333,414,969,2025-07-27 18:00:00,2025-07-28 02:15:00,Scheduled
628,QP910,768,215,2025-08-31 07:45:00,2025-08-31 20:30:00,Scheduled
629,BA973,867,193,2025-08-08 22:45:00,2025-08-09 03:30:00,Delayed
630,BA929,384,143,2025-10-23 04:30:00,2025-10-23 16:30:00,Completed
631,LH406,364,348,2025-04-26 13:45:00,2025-04-27 01:30:00,Scheduled
632,SQ744,24,582,2026-02-07 01:15:00,2026-02-07 04:45:00,Completed
633,6E647,936,623,2025-10-21 12:45:00,2025-10-21 17:30:00,Scheduled
634,6E275,487,112,2025-06-18 18:45:00,2025-06-19 06:15:00,Scheduled
635,UK171,567,182,2025-01-17 22:45:00,2025-01-18 00:00:00,Cancelled
636,BA158,396,291,2025-04-16 07:30:00,2025-04-16 18:30:00,Scheduled
637,SG649,12,176,2025-06-17 13:45:00,2025-06-17 16:45:00,Scheduled
638,G8542,761,71,2025-07-19 06:15:00,2025-07-19 20:30:00,Completed
639,LH833,681,487,2025-03-23 19:30:00,2025-03-24 05:45:00,Completed
640,SQ926,283,207,2025-01-04 04:45:00,2025-01-04 07:30:00,Scheduled
641,6E394,337,933,2025-10-19 15:45:00,2025-10-19 23:45:00,Completed
642,EK355,941,468,2025-06-27 22:30:00,2025-06-28 05:45:00,Scheduled
643,SQ197,633,751,2025-08-10 14:45:00,2025-08-11 02:00:00,Scheduled
644,6E814,969,45,2025-05-03 05:30:00,2025-05-03 17:00:00,Completed
645,QP178,924,223,2026-04-11 15:45:00,2026-04-12 04:45:00,Completed
646,G8312,517,785,2026-02-04 10:45:00,2026-02-04 19:00:00,Delayed
647,EK976,474,28,2025-02-07 20:45:00,2025-02-08 04:15:00,Scheduled
648,BA572,39,11,2025-05-09 03:15:00,2025-05-09 10:00:00,Scheduled
649,G8961,562,673,2025-05-05 22:45:00,2025-05-06 02:30:00,Scheduled
650,LH859,859,19,2025-11-07 03:15:00,2025-11-07 08:15:00,Scheduled
651,QP282,80,688,2026-01-26 00:30:00,2026-01-26 04:15:00,Scheduled
652,LH756,36,915,2025-12-12 17:15:00,2025-12-13 01:15:00,Completed
653,SQ104,676,919,2025-02-22 12:30:00,2025-02-22 20:30:00,Scheduled
654,6E116,387,786,2025-04-14 07:30:00,2025-04-14 11:45:00,Scheduled
655,SG841,15,346,2026-02-25 06:00:00,2026-02-25 10:00:00,Scheduled
656,SQ312,426,525,2025-02-25 10:30:00,2025-02-25 19:45:00,Cancelled
657,QP431,405,962,2025-08-08 03:15:00,2025-08-08 07:15:00,Scheduled
658,UK167,412,670,2025-06-11 00:45:00,2025-06-11 05:30:00,Completed
659,EK408,286,666,2025-11-16 11:00:00,2025-11-16 13:15:00,Completed
660,SQ432,512,105,2025-12-31 17:15:00,2025-12-31 22:15:00,Cancelled
661,QP971,714,398,2025-12-14 22:15:00,2025-12-15 04:30:00,Completed
662,LH701,70,344,2025-01-10 19:45:00,2025-01-11 03:00:00,Completed
663,EK875,14,239,2025-01-11 19:00:00,2025-01-12 00:15:00,Scheduled
664,SG484,82,62,2025-03-12 11:45:00,2025-03-12 17:00:00,Scheduled
665,SG384,39,244,2026-04-18 23:45:00,2026-04-19 12:15:00,Scheduled
666,AI334,806,779,2025-01-21 16:45:00,2025-01-22 04:15:00,Completed
667,UK722,340,351,2025-05-05 06:00:00,2025-05-05 17:15:00,Completed
668,6E297,534,330,2025-04-04 14:00:00,2025-04-04 16:45:00,Scheduled
669,UK619,145,961,2025-04-15 04:00:00,2025-04-15 07:15:00,Scheduled
670,SG720,743,479,2025-06-09 05:15:00,2025-06-09 10:00:00,Scheduled
671,6E468,293,591,2025-08-18 20:15:00,2025-08-19 02:00:00,Scheduled
672,BA120,172,483,2025-08-14 13:45:00,2025-08-15 03:00:00,Completed
673,G8489,438,875,2025-02-12 09:15:00,2025-02-12 18:30:00,Delayed
674,SG832,465,291,2025-07-12 17:45:00,2025-07-12 20:15:00,Delayed
675,BA514,159,939,2025-04-08 00:00:00,2025-04-08 14:30:00,Cancelled
676,G8756,963,405,2026-05-12 23:30:00,2026-05-13 07:15:00,Cancelled
677,UK881,73,419,2026-03-30 01:00:00,2026-03-30 08:15:00,Scheduled
678,QP813,262,790,2026-04-13 23:30:00,2026-04-14 09:15:00,Scheduled
679,AI932,395,949,2025-08-06 23:15:00,2025-08-07 04:00:00,Scheduled
680,SG360,724,693,2025-01-15 22:15:00,2025-01-16 04:00:00,Scheduled
681,EK507,593,975,2025-12-06 05:00:00,2025-12-06 07:00:00,Completed
682,EK358,998,923,2025-02-11 16:15:00,2025-02-11 23:30:00,Completed
683,EK870,513,991,2025-09-30 21:45:00,2025-10-01 08:15:00,Completed
684,G8866,746,891,2025-02-15 03:30:00,2025-02-15 17:45:00,Scheduled
685,AI199,767,408,2025-12-24 09:00:00,2025-12-24 12:45:00,Scheduled
686,SG280,714,428,2025-09-26 13:30:00,2025-09-27 02:15:00,Scheduled
687,BA680,721,138,2025-04-12 15:15:00,2025-04-13 00:15:00,Completed
688,G8992,191,206,2025-01-31 23:15:00,2025-02-01 12:30:00,Scheduled
689,6E486,642,935,2025-11-16 03:15:00,2025-11-16 05:45:00,Scheduled
690,6E109,66,351,2025-01-16 18:15:00,2025-01-17 03:00:00,Scheduled
691,LH910,770,979,2025-01-04 21:00:00,2025-01-04 23:15:00,Scheduled
692,SQ539,618,533,2026-05-08 08:45:00,2026-05-08 17:15:00,Scheduled
693,EK725,699,912,2025-06-25 10:15:00,2025-06-25 17:00:00,Scheduled
694,SG126,365,895,2025-06-19 03:00:00,2025-06-19 11:45:00,Completed
695,SQ802,890,544,2025-05-24 22:15:00,2025-05-25 05:00:00,Completed
696,AI748,487,528,2025-07-31 21:15:00,2025-07-31 22:45:00,Scheduled
697,UK721,47,993,2026-02-18 23:30:00,2026-02-19 11:15:00,Delayed
698,6E851,757,628,2026-02-11 02:30:00,2026-02-11 10:15:00,Scheduled
699,6E408,622,200,2025-12-31 04:00:00,2025-12-31 07:45:00,Completed
700,LH346,562,896,2025-08-28 05:45:00,2025-08-28 08:30:00,Scheduled
701,AI264,175,772,2026-04-29 21:00:00,2026-04-29 23:45:00,Cancelled
702,BA786,335,925,2025-07-16 08:15:00,2025-07-16 20:45:00,Scheduled
703,UK689,140,945,2025-10-01 20:45:00,2025-10-01 23:15:00,Completed
704,LH976,616,67,2025-11-26 10:45:00,2025-11-26 23:30:00,Scheduled
705,6E448,239,229,2025-05-13 03:30:00,2025-05-13 05:30:00,Completed
706,EK690,960,193,2026-01-17 03:30:00,2026-01-17 07:00:00,Completed
707,EK427,319,64,2025-10-30 17:15:00,2025-10-31 08:00:00,Completed
708,AI651,817,696,2026-04-24 04:15:00,2026-04-24 07:00:00,Completed
709,SG715,324,149,2026-02-22 09:15:00,2026-02-22 18:00:00,Scheduled
710,G8614,765,682,2026-03-11 22:00:00,2026-03-12 08:30:00,Cancelled
711,BA398,127,281,2026-03-11 22:45:00,2026-03-12 10:00:00,Completed
712,UK817,386,61,2026-02-19 10:15:00,2026-02-20 00:30:00,Completed
713,G8934,946,887,2026-02-02 05:45:00,2026-02-02 18:30:00,Completed
714,BA456,869,164,2025-01-12 17:45:00,2025-01-13 00:30:00,Completed
715,LH503,401,74,2025-09-28 23:30:00,2025-09-29 04:45:00,Scheduled
716,BA770,332,771,2026-02-10 18:00:00,2026-02-11 08:30:00,Scheduled
717,UK923,141,453,2025-12-23 15:30:00,2025-12-23 18:45:00,Completed
718,EK537,753,667,2025-01-05 11:00:00,2025-01-05 22:15:00,Completed
719,AI220,173,949,2025-01-29 03:30:00,2025-01-29 11:45:00,Cancelled
720,UK134,666,347,2025-10-31 13:15:00,2025-11-01 01:00:00,Scheduled
721,6E896,407,501,2025-06-04 22:15:00,2025-06-05 10:00:00,Delayed
722,6E219,838,666,2025-07-15 08:45:00,2025-07-15 14:45:00,Scheduled
723,G8810,501,657,2025-12-09 16:15:00,2025-12-09 18:00:00,Completed
724,G8685,814,608,2025-04-03 12:45:00,2025-04-04 00:30:00,Scheduled
725,EK669,334,66,2026-01-01 17:15:00,2026-01-02 00:15:00,Completed
726,UK774,803,832,2025-09-29 15:00:00,2025-09-30 00:00:00,Completed
727,QP225,186,883,2025-11-03 22:15:00,2025-11-04 00:00:00,Scheduled
728,AI186,589,212,2025-12-01 05:00:00,2025-12-01 14:30:00,Cancelled
729,UK407,519,306,2025-07-06 17:15:00,2025-07-07 00:15:00,Scheduled
730,QP635,969,532,2026-04-09 09:45:00,2026-04-09 13:30:00,Cancelled
731,AI342,361,621,2025-10-03 16:15:00,2025-10-04 04:15:00,Scheduled
732,SQ467,146,307,2026-03-15 06:15:00,2026-03-15 16:30:00,Scheduled
733,SG509,747,638,2025-08-05 02:30:00,2025-08-05 08:15:00,Delayed
734,6E744,968,261,2025-12-13 13:15:00,2025-12-13 22:30:00,Completed
735,EK941,649,714,2025-11-27 06:30:00,2025-11-27 16:45:00,Scheduled
736,6E644,807,445,2025-07-14 00:15:00,2025-07-14 02:45:00,Scheduled
737,G8249,562,417,2025-02-03 10:00:00,2025-02-03 16:30:00,Completed
738,6E901,232,281,2025-01-06 03:45:00,2025-01-06 08:30:00,Cancelled
739,SQ986,180,540,2026-01-08 09:45:00,2026-01-08 12:15:00,Scheduled
740,SG453,278,623,2025-02-20 01:15:00,2025-02-20 08:00:00,Completed
741,G8109,695,992,2026-02-08 17:45:00,2026-02-09 02:00:00,Completed
742,AI842,731,160,2025-12-03 04:15:00,2025-12-03 11:45:00,Completed
743,SG549,380,725,2026-02-03 07:45:00,2026-02-03 20:30:00,Cancelled
744,G8750,818,480,2025-09-15 09:30:00,2025-09-15 16:45:00,Completed
745,6E847,971,313,2025-07-28 10:00:00,2025-07-28 21:00:00,Scheduled
746,LH604,96,170,2025-10-22 01:00:00,2025-10-22 13:30:00,Completed
747,LH801,11,986,2026-05-01 13:15:00,2026-05-01 22:00:00,Cancelled
748,AI831,910,546,2025-12-24 03:45:00,2025-12-24 05:00:00,Scheduled
749,SG790,548,768,2025-06-26 07:00:00,2025-06-26 17:45:00,Cancelled
750,SG626,783,537,2026-04-08 07:15:00,2026-04-08 09:45:00,Scheduled
751,QP795,53,433,2025-09-11 12:15:00,2025-09-11 18:15:00,Scheduled
752,G8371,553,872,2026-01-28 03:30:00,2026-01-28 09:15:00,Scheduled
753,BA732,756,647,2025-10-19 12:15:00,2025-10-19 17:15:00,Completed
754,QP209,59,365,2025-01-04 19:45:00,2025-01-05 02:15:00,Scheduled
755,EK603,912,740,2025-04-06 12:30:00,2025-04-06 13:30:00,Scheduled
756,AI259,542,527,2026-04-06 04:45:00,2026-04-06 07:30:00,Completed
757,EK286,257,232,2025-08-29 12:30:00,2025-08-29 18:00:00,Delayed
758,QP865,276,112,2025-08-13 21:45:00,2025-08-14 01:00:00,Scheduled
759,G8141,368,905,2026-03-22 22:15:00,2026-03-23 00:30:00,Scheduled
760,BA781,432,762,2025-06-19 01:15:00,2025-06-19 12:30:00,Cancelled
761,QP869,122,432,2025-09-08 17:45:00,2025-09-09 07:00:00,Completed
762,6E911,903,410,2025-09-14 23:45:00,2025-09-15 02:45:00,Scheduled
763,EK711,160,353,2025-09-14 00:15:00,2025-09-14 01:45:00,Completed
764,UK732,445,492,2025-05-29 09:45:00,2025-05-29 12:30:00,Scheduled
765,UK782,524,192,2025-05-08 08:00:00,2025-05-08 22:30:00,Completed
766,UK223,204,486,2025-12-28 03:15:00,2025-12-28 07:30:00,Scheduled
767,6E985,40,281,2025-04-09 04:45:00,2025-04-09 06:00:00,Scheduled
768,EK590,418,538,2025-06-06 22:15:00,2025-06-07 02:45:00,Scheduled
769,G8459,438,660,2025-01-27 09:00:00,2025-01-27 14:30:00,Completed
770,AI776,253,328,2026-04-04 01:15:00,2026-04-04 02:15:00,Completed
771,G8603,218,293,2025-08-30 08:00:00,2025-08-30 15:15:00,Scheduled
772,QP469,312,115,2025-02-19 21:00:00,2025-02-20 08:15:00,Completed
773,UK698,371,761,2026-02-03 18:30:00,2026-02-03 23:00:00,Scheduled
774,UK821,909,109,2025-03-08 20:00:00,2025-03-08 21:15:00,Scheduled
775,UK646,102,77,2026-04-28 17:30:00,2026-04-28 23:15:00,Completed
776,QP559,45,131,2025-04-09 13:30:00,2025-04-10 03:00:00,Completed
777,SG713,121,933,2025-08-12 02:45:00,2025-08-12 09:45:00,Scheduled
778,EK606,991,133,2025-05-29 01:00:00,2025-05-29 14:15:00,Completed
779,LH898,892,526,2026-05-13 02:15:00,2026-05-13 11:00:00,Scheduled
780,SQ813,622,279,2025-04-16 05:00:00,2025-04-16 08:15:00,Scheduled
781,G8825,951,810,2025-09-20 14:30:00,2025-09-20 19:45:00,Scheduled
782,SG384,122,176,2025-04-25 01:15:00,2025-04-25 06:15:00,Cancelled
783,LH218,277,895,2026-02-09 01:15:00,2026-02-09 15:30:00,Scheduled
784,SG518,356,648,2025-11-06 11:30:00,2025-11-06 14:00:00,Completed
785,UK848,302,333,2025-01-30 20:00:00,2025-01-31 10:30:00,Cancelled
786,G8990,181,263,2026-05-13 00:00:00,2026-05-13 12:45:00,Completed
787,UK695,619,565,2025-04-16 14:15:00,2025-04-16 20:45:00,Completed
788,QP251,879,771,2025-07-22 04:45:00,2025-07-22 09:30:00,Cancelled
789,UK683,96,508,2025-04-03 14:15:00,2025-04-04 04:30:00,Delayed
790,SG937,747,185,2025-11-28 09:00:00,2025-11-28 14:15:00,Scheduled
791,BA760,623,193,2025-02-05 04:00:00,2025-02-05 11:15:00,Cancelled
792,EK493,103,742,2025-09-27 04:00:00,2025-09-27 14:00:00,Scheduled
793,6E374,847,14,2026-01-26 20:00:00,2026-01-26 23:15:00,Scheduled
794,6E307,643,615,2025-01-07 00:00:00,2025-01-07 09:30:00,Scheduled
795,BA258,778,577,2026-04-02 14:15:00,2026-04-02 19:45:00,Scheduled
796,6E657,557,709,2025-05-17 20:00:00,2025-05-17 21:00:00,Scheduled
797,AI332,524,908,2026-03-05 13:15:00,2026-03-05 14:30:00,Scheduled
798,6E603,151,362,2025-12-02 09:15:00,2025-12-02 21:00:00,Scheduled
799,6E469,113,230,2025-02-22 09:30:00,2025-02-22 12:00:00,Cancelled
800,LH442,942,87,2026-04-04 01:15:00,2026-04-04 05:00:00,Delayed
801,QP996,696,436,2025-03-18 21:30:00,2025-03-19 08:00:00,Scheduled
802,AI982,939,512,2025-12-05 11:30:00,2025-12-06 00:30:00,Cancelled
803,BA838,153,797,2025-12-02 04:30:00,2025-12-02 08:15:00,Completed
804,G8248,1000,490,2026-02-22 02:00:00,2026-02-22 12:45:00,Scheduled
805,EK592,131,187,2026-01-28 12:30:00,2026-01-28 19:15:00,Completed
806,EK528,424,617,2026-02-11 20:30:00,2026-02-11 23:45:00,Delayed
807,SQ832,552,547,2025-09-10 17:15:00,2025-09-11 00:15:00,Scheduled
808,UK470,592,796,2025-12-22 23:15:00,2025-12-23 11:15:00,Scheduled
809,AI457,872,18,2025-07-05 17:45:00,2025-07-05 20:45:00,Scheduled
810,LH531,870,888,2026-02-03 04:30:00,2026-02-03 12:45:00,Scheduled
811,EK850,848,230,2025-01-29 23:15:00,2025-01-30 01:30:00,Scheduled
812,BA957,989,435,2025-07-10 01:00:00,2025-07-10 12:00:00,Delayed
813,6E112,162,31,2025-03-17 11:15:00,2025-03-17 13:30:00,Delayed
814,LH815,834,427,2025-03-18 05:45:00,2025-03-18 18:00:00,Cancelled
815,G8213,482,422,2026-01-05 10:45:00,2026-01-05 23:45:00,Scheduled
816,AI505,903,658,2025-01-17 19:15:00,2025-01-18 04:30:00,Completed
817,UK533,697,971,2026-03-25 14:30:00,2026-03-26 01:00:00,Cancelled
818,EK733,279,997,2025-02-17 16:45:00,2025-02-17 20:00:00,Scheduled
819,BA420,402,189,2026-02-26 23:00:00,2026-02-27 13:45:00,Completed
820,EK299,415,848,2025-07-14 05:00:00,2025-07-14 18:30:00,Scheduled
821,G8266,107,80,2025-07-05 19:30:00,2025-07-05 20:45:00,Delayed
822,AI346,67,217,2025-11-02 00:30:00,2025-11-02 04:45:00,Scheduled
823,QP195,584,579,2025-01-23 18:45:00,2025-01-23 19:45:00,Cancelled
824,QP869,9,366,2026-01-20 09:45:00,2026-01-20 19:00:00,Scheduled
825,LH203,365,998,2025-03-08 22:00:00,2025-03-09 04:45:00,Delayed
826,G8265,794,154,2025-01-13 18:45:00,2025-01-14 02:45:00,Scheduled
827,UK926,475,81,2026-03-30 20:00:00,2026-03-31 08:15:00,Completed
828,QP397,145,788,2026-01-03 05:30:00,2026-01-03 13:45:00,Scheduled
829,SQ721,877,963,2025-08-09 01:45:00,2025-08-09 06:00:00,Scheduled
830,SG884,157,581,2025-11-18 15:00:00,2025-11-19 04:00:00,Completed
831,QP273,561,889,2026-05-12 02:45:00,2026-05-12 05:30:00,Cancelled
832,6E283,166,70,2025-05-24 18:30:00,2025-05-25 00:30:00,Completed
833,6E682,472,265,2025-08-31 08:45:00,2025-08-31 20:00:00,Delayed
834,BA475,373,880,2025-05-27 12:45:00,2025-05-28 03:00:00,Delayed
835,LH560,640,975,2025-06-10 11:00:00,2025-06-10 22:45:00,Scheduled
836,LH108,897,699,2025-01-22 19:00:00,2025-01-23 07:15:00,Scheduled
837,UK497,108,298,2025-07-12 05:45:00,2025-07-12 19:45:00,Completed
838,6E187,686,96,2025-06-28 14:45:00,2025-06-29 02:30:00,Scheduled
839,QP166,111,940,2026-05-07 12:45:00,2026-05-07 17:30:00,Scheduled
840,BA139,619,498,2025-04-19 22:45:00,2025-04-20 01:15:00,Delayed
841,SQ892,972,482,2025-03-16 20:15:00,2025-03-17 02:15:00,Scheduled
842,UK988,959,828,2025-07-05 13:45:00,2025-07-05 17:45:00,Scheduled
843,6E245,777,701,2025-08-05 08:30:00,2025-08-05 19:45:00,Scheduled
844,LH319,415,84,2025-06-02 22:45:00,2025-06-03 13:30:00,Completed
845,G8268,266,189,2026-03-02 01:00:00,2026-03-02 08:30:00,Scheduled
846,QP809,965,430,2025-09-04 15:15:00,2025-09-05 04:00:00,Delayed
847,QP780,843,11,2025-10-15 19:15:00,2025-10-15 21:30:00,Cancelled
848,BA251,962,752,2026-01-16 23:30:00,2026-01-17 00:45:00,Delayed
849,BA952,325,117,2026-02-10 21:45:00,2026-02-11 02:45:00,Completed
850,UK530,650,461,2025-11-24 18:00:00,2025-11-24 19:15:00,Completed
851,UK795,793,171,2025-11-04 12:15:00,2025-11-04 18:30:00,Delayed
852,LH938,15,380,2026-02-21 11:00:00,2026-02-21 16:30:00,Completed
853,QP948,717,512,2025-11-29 14:45:00,2025-11-29 22:15:00,Delayed
854,EK482,536,998,2026-01-27 10:00:00,2026-01-27 13:45:00,Scheduled
855,G8818,610,167,2025-10-05 13:45:00,2025-10-05 19:30:00,Completed
856,6E765,948,928,2026-03-15 03:00:00,2026-03-15 16:00:00,Scheduled
857,LH695,955,422,2025-02-23 15:00:00,2025-02-24 02:45:00,Completed
858,LH490,684,297,2026-03-13 13:15:00,2026-03-13 18:00:00,Scheduled
859,EK940,877,481,2026-05-02 03:30:00,2026-05-02 17:15:00,Completed
860,LH390,804,759,2025-07-22 00:30:00,2025-07-22 13:45:00,Scheduled
861,AI115,675,271,2025-06-07 13:15:00,2025-06-07 15:00:00,Scheduled
862,SQ540,810,384,2026-03-07 16:30:00,2026-03-07 22:45:00,Scheduled
863,SQ539,997,401,2025-04-09 19:45:00,2025-04-10 09:45:00,Scheduled
864,LH262,652,400,2026-05-16 23:15:00,2026-05-17 06:45:00,Scheduled
865,G8957,102,728,2026-02-15 04:00:00,2026-02-15 15:45:00,Delayed
866,AI743,972,331,2025-04-15 02:00:00,2025-04-15 03:45:00,Completed
867,AI860,157,29,2025-11-13 22:00:00,2025-11-14 08:45:00,Completed
868,G8298,465,650,2025-11-20 11:15:00,2025-11-20 15:30:00,Delayed
869,G8184,252,744,2026-02-04 12:30:00,2026-02-04 23:30:00,Cancelled
870,SQ225,643,24,2025-11-23 18:00:00,2025-11-23 20:45:00,Scheduled
871,QP958,290,269,2026-04-04 05:00:00,2026-04-04 07:45:00,Scheduled
872,6E315,104,503,2026-02-12 00:45:00,2026-02-12 03:30:00,Completed
873,SG405,385,912,2025-06-10 20:45:00,2025-06-11 10:00:00,Scheduled
874,QP595,183,676,2025-10-18 20:00:00,2025-10-18 22:30:00,Cancelled
875,SQ130,615,560,2025-01-03 05:30:00,2025-01-03 07:45:00,Delayed
876,6E322,531,525,2026-01-25 04:15:00,2026-01-25 18:45:00,Scheduled
877,BA304,142,226,2025-02-12 23:15:00,2025-02-13 04:45:00,Cancelled
878,EK624,357,726,2025-10-10 20:30:00,2025-10-11 05:15:00,Cancelled
879,EK205,945,198,2025-05-09 05:15:00,2025-05-09 16:45:00,Delayed
880,EK556,785,602,2025-06-09 05:15:00,2025-06-09 18:00:00,Scheduled
881,EK304,766,279,2026-02-22 10:00:00,2026-02-22 20:45:00,Delayed
882,LH359,383,920,2025-11-20 02:45:00,2025-11-20 05:45:00,Delayed
883,6E284,301,619,2026-02-28 20:30:00,2026-03-01 03:30:00,Completed
884,QP480,440,810,2025-04-06 11:15:00,2025-04-06 13:30:00,Scheduled
885,UK576,322,126,2025-01-05 10:00:00,2025-01-05 22:30:00,Delayed
886,SQ317,330,921,2025-04-30 17:00:00,2025-05-01 00:30:00,Delayed
887,EK425,106,575,2025-05-23 22:00:00,2025-05-24 08:45:00,Completed
888,EK222,203,202,2025-01-26 15:45:00,2025-01-26 17:15:00,Scheduled
889,G8118,176,616,2025-06-17 18:45:00,2025-06-17 22:45:00,Completed
890,AI646,877,590,2025-01-03 14:30:00,2025-01-03 18:15:00,Cancelled
891,EK840,41,346,2025-11-27 00:00:00,2025-11-27 08:00:00,Scheduled
892,BA727,325,772,2025-06-27 12:00:00,2025-06-27 21:30:00,Scheduled
893,SQ205,306,714,2025-08-21 15:00:00,2025-08-22 05:30:00,Scheduled
894,UK274,49,846,2025-01-06 04:00:00,2025-01-06 10:45:00,Scheduled
895,G8903,742,924,2026-02-20 11:00:00,2026-02-20 23:00:00,Scheduled
896,G8815,50,970,2025-06-05 02:30:00,2025-06-05 09:15:00,Scheduled
897,SQ970,142,598,2025-08-24 03:15:00,2025-08-24 09:30:00,Cancelled
898,SQ589,424,653,2025-08-17 21:00:00,2025-08-18 06:15:00,Completed
899,G8884,1000,288,2025-06-14 23:45:00,2025-06-15 03:45:00,Scheduled
900,6E606,85,362,2025-10-13 07:15:00,2025-10-13 19:15:00,Scheduled
901,6E448,14,687,2025-04-21 14:45:00,2025-04-21 19:30:00,Scheduled
902,BA771,605,780,2025-09-28 16:30:00,2025-09-29 06:00:00,Scheduled
903,BA988,517,109,2026-04-14 04:15:00,2026-04-14 11:00:00,Completed
904,SG802,208,799,2025-07-24 06:00:00,2025-07-24 11:45:00,Scheduled
905,6E346,891,592,2025-11-28 03:15:00,2025-11-28 11:15:00,Scheduled
906,QP371,472,192,2025-05-17 00:45:00,2025-05-17 12:30:00,Scheduled
907,LH541,564,87,2025-07-01 13:15:00,2025-07-01 17:00:00,Delayed
908,EK298,55,452,2025-05-20 11:00:00,2025-05-20 12:45:00,Scheduled
909,6E797,413,181,2025-11-01 08:45:00,2025-11-01 18:30:00,Scheduled
910,SQ372,255,982,2025-02-26 07:00:00,2025-02-26 08:00:00,Scheduled
911,6E325,545,104,2025-05-22 07:45:00,2025-05-22 15:30:00,Completed
912,QP752,901,709,2025-05-18 15:15:00,2025-05-18 18:30:00,Scheduled
913,G8973,611,295,2026-01-11 00:00:00,2026-01-11 03:45:00,Cancelled
914,QP566,245,175,2025-06-11 21:00:00,2025-06-12 00:15:00,Scheduled
915,G8178,14,683,2025-08-31 13:30:00,2025-08-31 14:45:00,Scheduled
916,BA994,779,874,2025-01-05 19:30:00,2025-01-06 03:30:00,Scheduled
917,LH615,113,47,2026-02-24 00:30:00,2026-02-24 14:45:00,Scheduled
918,BA602,151,794,2025-02-18 03:30:00,2025-02-18 17:00:00,Completed
919,AI947,559,264,2025-12-06 15:30:00,2025-12-06 22:15:00,Scheduled
920,LH845,728,342,2026-04-02 16:45:00,2026-04-02 19:15:00,Completed
921,AI350,152,421,2026-03-15 07:15:00,2026-03-15 14:00:00,Delayed
922,UK486,713,997,2025-08-09 11:15:00,2025-08-09 23:15:00,Completed
923,G8795,989,281,2026-03-26 20:45:00,2026-03-27 06:00:00,Scheduled
924,AI693,340,401,2025-10-29 13:30:00,2025-10-29 18:45:00,Delayed
925,SQ911,352,855,2025-11-10 03:45:00,2025-11-10 17:30:00,Completed
926,BA797,296,113,2026-05-12 00:45:00,2026-05-12 12:00:00,Scheduled
927,G8166,990,297,2025-11-16 17:15:00,2025-11-16 23:00:00,Completed
928,AI600,16,465,2025-01-21 06:30:00,2025-01-21 20:30:00,Scheduled
929,QP999,441,361,2025-12-05 00:00:00,2025-12-05 05:15:00,Scheduled
930,SG850,880,515,2025-12-07 17:15:00,2025-12-07 19:45:00,Scheduled
931,QP354,600,941,2025-02-11 09:15:00,2025-02-11 11:00:00,Completed
932,SQ418,653,396,2025-08-05 12:00:00,2025-08-05 17:30:00,Scheduled
933,G8238,447,696,2026-03-25 10:15:00,2026-03-25 21:30:00,Scheduled
934,LH287,205,309,2025-06-06 02:30:00,2025-06-06 13:15:00,Scheduled
935,QP615,897,854,2025-08-12 03:15:00,2025-08-12 13:00:00,Cancelled
936,EK572,730,367,2025-08-28 11:45:00,2025-08-28 20:30:00,Scheduled
937,SQ409,573,28,2026-05-06 13:00:00,2026-05-07 02:15:00,Completed
938,SG512,595,525,2025-07-11 04:30:00,2025-07-11 06:15:00,Completed
939,6E156,474,827,2026-01-26 16:45:00,2026-01-27 06:45:00,Scheduled
940,SQ593,666,110,2025-06-20 19:00:00,2025-06-21 09:30:00,Completed
941,LH247,886,63,2025-03-04 23:00:00,2025-03-05 11:15:00,Delayed
942,AI924,991,508,2025-03-11 07:15:00,2025-03-11 12:45:00,Delayed
943,LH199,705,206,2025-02-28 02:00:00,2025-02-28 05:00:00,Scheduled
944,6E407,107,486,2025-01-13 16:45:00,2025-01-13 23:45:00,Scheduled
945,SQ226,189,840,2025-05-01 17:30:00,2025-05-02 08:15:00,Scheduled
946,BA591,652,23,2025-04-05 04:15:00,2025-04-05 07:30:00,Scheduled
947,EK495,684,103,2026-05-07 18:45:00,2026-05-08 01:15:00,Completed
948,BA223,110,476,2025-08-02 13:15:00,2025-08-02 14:45:00,Delayed
949,SG579,12,595,2025-06-05 01:45:00,2025-06-05 03:15:00,Completed
950,QP823,470,284,2025-01-05 05:30:00,2025-01-05 14:45:00,Delayed
951,BA832,526,65,2025-03-31 20:15:00,2025-04-01 02:45:00,Completed
952,BA485,144,286,2026-02-06 21:30:00,2026-02-07 04:30:00,Cancelled
953,SQ694,621,675,2025-04-03 18:30:00,2025-04-03 22:00:00,Scheduled
954,UK198,633,850,2025-07-26 02:00:00,2025-07-26 03:15:00,Completed
955,UK207,512,957,2025-12-14 15:30:00,2025-12-15 04:45:00,Completed
956,SQ356,179,746,2026-04-02 12:45:00,2026-04-02 14:45:00,Scheduled
957,SG428,868,768,2025-02-07 14:30:00,2025-02-08 00:30:00,Scheduled
958,BA548,461,387,2025-03-10 20:15:00,2025-03-11 00:45:00,Completed
959,6E696,231,207,2026-01-15 05:45:00,2026-01-15 20:00:00,Scheduled
960,AI468,983,685,2025-02-19 06:00:00,2025-02-19 19:15:00,Completed
961,UK952,582,560,2026-03-19 02:30:00,2026-03-19 06:15:00,Scheduled
962,6E549,848,486,2025-09-14 11:30:00,2025-09-14 21:45:00,Scheduled
963,6E220,386,895,2025-02-06 18:00:00,2025-02-06 21:30:00,Delayed
964,G8499,53,616,2025-10-04 10:00:00,2025-10-04 14:30:00,Completed
965,LH725,70,894,2026-03-23 05:30:00,2026-03-23 07:45:00,Delayed
966,G8768,409,634,2025-01-30 17:00:00,2025-01-31 03:45:00,Scheduled
967,SG309,347,432,2025-05-14 06:30:00,2025-05-14 19:30:00,Delayed
968,6E924,752,338,2026-04-19 21:00:00,2026-04-20 01:45:00,Cancelled
969,SQ857,927,625,2025-12-26 01:30:00,2025-12-26 04:15:00,Completed
970,6E136,83,909,2025-10-10 15:15:00,2025-10-10 20:15:00,Delayed
971,AI156,231,666,2025-06-29 13:45:00,2025-06-29 19:00:00,Scheduled
972,LH593,801,831,2025-04-11 17:45:00,2025-04-12 04:45:00,Scheduled
973,LH241,785,387,2025-12-23 04:45:00,2025-12-23 17:30:00,Scheduled
974,EK159,121,919,2025-11-12 11:30:00,2025-11-12 16:00:00,Scheduled
975,AI994,95,603,2025-01-06 07:45:00,2025-01-06 19:45:00,Completed
976,G8144,833,59,2025-02-09 01:15:00,2025-02-09 09:30:00,Scheduled
977,BA773,617,671,2026-04-01 07:30:00,2026-04-01 11:15:00,Scheduled
978,UK554,79,257,2026-04-26 17:15:00,2026-04-27 01:45:00,Completed
979,LH373,965,376,2026-02-04 17:30:00,2026-02-05 07:45:00,Scheduled
980,G8180,555,516,2025-02-23 01:30:00,2025-02-23 09:15:00,Scheduled
981,6E481,141,862,2026-05-15 16:15:00,2026-05-15 21:30:00,Completed
982,6E121,807,146,2025-01-19 07:45:00,2025-01-19 19:30:00,Delayed
983,AI385,35,277,2025-05-23 18:45:00,2025-05-23 23:45:00,Completed
984,UK310,394,508,2025-01-10 12:45:00,2025-01-10 20:45:00,Scheduled
985,AI723,676,442,2025-09-30 01:30:00,2025-09-30 03:00:00,Completed
986,QP843,345,945,2026-03-01 08:15:00,2026-03-01 21:15:00,Completed
987,LH497,445,887,2025-08-07 23:00:00,2025-08-08 12:00:00,Cancelled
988,SG490,955,695,2025-05-28 17:45:00,2025-05-29 01:15:00,Delayed
989,6E355,947,244,2025-03-09 00:30:00,2025-03-09 14:00:00,Completed
990,QP375,303,346,2025-10-20 12:00:00,2025-10-20 22:30:00,Completed
991,SQ776,802,669,2026-02-19 19:00:00,2026-02-19 21:30:00,Scheduled
992,AI577,271,868,2025-04-02 14:45:00,2025-04-02 16:30:00,Scheduled
993,SQ181,368,492,2025-11-23 17:15:00,2025-11-24 00:15:00,Scheduled
994,G8365,625,565,2025-06-10 02:45:00,2025-06-10 06:15:00,Completed
995,UK217,131,233,2025-11-19 05:15:00,2025-11-19 19:15:00,Completed
996,AI831,189,701,2025-09-17 14:30:00,2025-09-17 15:45:00,Cancelled
997,SQ340,999,264,2025-01-09 21:30:00,2025-01-10 06:30:00,Scheduled
998,QP684,80,520,2025-08-16 03:00:00,2025-08-16 07:15:00,Scheduled
999,AI434,843,698,2025-08-01 02:45:00,2025-08-01 08:00:00,Completed
1000,SQ131,369,344,2026-05-15 13:30:00,2026-05-15 22:00:00,Scheduled
