payment_id,booking_id,amount,payment_date,payment_status,payment_method
1,1,5479.3,2024-12-15 21:00:00,Completed,Net Banking
2,2,5333.03,2025-09-13 00:10:00,Refunded,Credit Card
3,3,8646.49,2025-12-13 11:46:00,Pending,Credit Card
4,4,14452.5,2025-11-01 02:17:00,Pending,Net Banking
5,5,17917.69,2025-06-08 06:59:00,Completed,Credit Card
6,6,4763.24,2025-11-30 16:16:00,Refunded,Wallet
7,7,30391.39,2026-01-23 21:55:00,Completed,Wallet
8,8,5325.01,2025-05-24 02:30:00,Completed,Net Banking
9,9,19061.32,2024-11-25 22:13:00,Failed,UPI
10,10,5277.63,2025-01-31 10:18:00,Refunded,Net Banking
11,11,4368.38,2024-11-30 22:02:00,Pending,Credit Card
12,12,17987.62,2025-10-09 10:52:00,Completed,Wallet
13,13,5394.18,2026-01-02 16:05:00,Completed,UPI
14,14,5193.54,2025-08-05 21:49:00,Pending,Net Banking
15,15,4086.19,2026-02-14 11:34:00,Completed,Credit Card
16,16,14045.72,2025-08-06 03:08:00,Refunded,Credit Card
17,17,4351.26,2025-06-17 02:33:00,Failed,Debit Card
18,18,5367.17,2024-12-01 00:40:00,Refunded,Wallet
19,19,5827.76,2025-01-14 11:01:00,Completed,UPI
20,20,5709.92,2025-11-05 00:54:00,Completed,Credit Card
21,21,4794.68,2025-12-27 15:24:00,Completed,Net Banking
22,22,5253.74,2025-08-31 08:50:00,Completed,UPI
23,23,8781.06,2025-01-05 10:57:00,Completed,Wallet
24,24,5477.01,2025-05-06 08:05:00,Completed,Net Banking
25,25,4134.59,2026-03-15 18:12:00,Refunded,Net Banking
26,26,4782.86,2025-08-04 13:54:00,Pending,UPI
27,27,4120.88,2025-11-11 22:58:00,Completed,Net Banking
28,28,4056.16,2025-04-04 17:35:00,Completed,Debit Card
29,29,9939.15,2025-04-02 07:48:00,Completed,UPI
30,30,5804.11,2025-11-19 06:42:00,Completed,Net Banking
31,31,5323.1,2025-11-17 08:22:00,Completed,UPI
32,32,15972.71,2025-08-17 03:04:00,Completed,Net Banking
33,33,5532.4,2025-05-21 22:45:00,Completed,Wallet
34,34,27353.08,2026-02-12 19:56:00,Pending,Wallet
35,35,4476.5,2025-10-12 15:59:00,Completed,UPI
36,36,5728.83,2025-05-24 00:55:00,Refunded,UPI
37,37,15462.42,2026-01-15 02:00:00,Completed,Debit Card
38,38,5051.38,2025-12-30 08:57:00,Pending,Net Banking
39,39,9158.42,2025-06-14 00:03:00,Completed,Debit Card
40,40,5331.0,2025-01-22 20:36:00,Refunded,UPI
41,41,16908.47,2026-04-07 09:50:00,Completed,Net Banking
42,42,9592.33,2024-12-24 18:39:00,Completed,Net Banking
43,43,4365.42,2026-03-11 06:27:00,Pending,Debit Card
44,44,5617.41,2025-10-10 10:25:00,Completed,Net Banking
45,45,5212.43,2026-03-08 23:45:00,Completed,UPI
46,46,5411.82,2025-06-04 10:08:00,Completed,Credit Card
47,47,4118.92,2025-06-28 19:37:00,Completed,UPI
48,48,4254.05,2025-01-16 20:19:00,Failed,Debit Card
49,49,5805.16,2026-01-08 00:30:00,Completed,Credit Card
50,50,5106.84,2024-11-27 10:18:00,Failed,Debit Card
51,51,16170.64,2025-01-23 02:51:00,Completed,Debit Card
52,52,4842.19,2026-04-02 01:02:00,Refunded,Debit Card
53,53,9802.62,2025-08-12 10:36:00,Failed,Debit Card
54,54,4307.19,2025-03-18 16:09:00,Completed,Net Banking
55,55,5039.69,2026-01-19 16:56:00,Failed,Net Banking
56,56,5797.34,2025-02-27 07:26:00,Completed,Net Banking
57,57,4908.55,2026-02-17 00:04:00,Refunded,UPI
58,58,5440.87,2025-03-16 20:05:00,Completed,Credit Card
59,59,5403.68,2026-04-25 18:51:00,Pending,Credit Card
60,60,4743.43,2024-12-01 09:57:00,Refunded,Debit Card
61,61,5716.95,2025-12-24 10:52:00,Completed,Credit Card
62,62,4411.09,2025-11-12 16:13:00,Completed,UPI
63,63,5499.4,2025-03-31 19:58:00,Failed,Wallet
64,64,4602.42,2025-07-18 07:59:00,Failed,Credit Card
65,65,10769.39,2025-12-08 04:17:00,Completed,Wallet
66,66,10904.48,2025-08-20 15:18:00,Completed,Credit Card
67,67,5239.26,2025-03-14 09:47:00,Completed,Wallet
68,68,5334.85,2026-03-04 15:38:00,Completed,Net Banking
69,69,8235.0,2025-01-28 22:48:00,Completed,Net Banking
70,70,8743.65,2025-08-03 22:58:00,Completed,Debit Card
71,71,4250.65,2025-05-08 07:42:00,Completed,Credit Card
72,72,19295.42,2025-04-06 08:09:00,Failed,Net Banking
73,73,5396.42,2024-12-29 21:12:00,Completed,Credit Card
74,74,5361.77,2025-11-19 16:44:00,Refunded,UPI
75,75,34396.07,2025-09-04 21:14:00,Completed,Debit Card
76,76,4377.01,2026-04-11 01:18:00,Completed,Net Banking
77,77,4686.84,2025-03-07 16:13:00,Failed,Debit Card
78,78,5575.08,2025-05-09 09:38:00,Completed,Net Banking
79,79,5827.99,2024-12-28 13:26:00,Pending,Credit Card
80,80,4816.64,2025-03-01 03:59:00,Refunded,Debit Card
81,81,4252.2,2025-07-12 12:08:00,Completed,Debit Card
82,82,4614.58,2025-11-17 05:24:00,Completed,UPI
83,83,27286.78,2026-04-02 04:01:00,Refunded,Net Banking
84,84,5089.48,2025-12-15 12:00:00,Pending,Net Banking
85,85,4645.62,2026-01-20 17:46:00,Refunded,Wallet
86,86,4673.23,2024-12-05 21:20:00,Completed,Net Banking
87,87,4382.27,2025-01-18 11:07:00,Refunded,Wallet
88,88,8568.96,2025-09-12 20:23:00,Completed,Net Banking
89,89,5335.26,2025-02-02 13:57:00,Failed,Debit Card
90,90,4992.01,2025-12-05 16:49:00,Completed,UPI
91,91,7689.4,2025-08-22 11:52:00,Pending,UPI
92,92,19166.32,2025-07-19 21:03:00,Refunded,Credit Card
93,93,4816.61,2025-06-19 08:42:00,Completed,Wallet
94,94,18610.1,2024-12-28 00:00:00,Refunded,Debit Card
95,95,14016.57,2025-02-11 15:51:00,Failed,UPI
96,96,10982.61,2025-11-15 02:48:00,Completed,UPI
97,97,5147.47,2026-01-05 08:38:00,Refunded,Credit Card
98,98,18261.88,2025-05-04 20:28:00,Completed,Net Banking
99,99,4598.53,2025-12-04 23:04:00,Failed,UPI
100,100,5670.58,2024-11-14 18:23:00,Refunded,Net Banking
101,101,5027.97,2025-06-17 15:30:00,Completed,Debit Card
102,102,4075.58,2026-04-06 10:38:00,Pending,Credit Card
103,103,5289.69,2025-09-06 06:31:00,Completed,Debit Card
104,104,9642.16,2026-02-14 07:41:00,Refunded,Debit Card
105,105,4316.91,2026-02-18 09:33:00,Completed,Net Banking
106,106,5338.43,2025-02-22 05:08:00,Completed,Wallet
107,107,5321.36,2025-10-19 15:20:00,Refunded,Net Banking
108,108,5526.05,2025-10-23 22:59:00,Pending,Net Banking
109,109,33403.43,2025-12-11 02:43:00,Refunded,Net Banking
110,110,4783.78,2025-01-18 11:54:00,Completed,Debit Card
111,111,9436.95,2025-06-18 01:03:00,Completed,UPI
112,112,5205.01,2026-02-18 16:54:00,Pending,Net Banking
113,113,4589.74,2026-03-30 19:53:00,Pending,Debit Card
114,114,5259.25,2026-02-11 14:08:00,Failed,Debit Card
115,115,4071.08,2025-03-27 02:31:00,Completed,Credit Card
116,116,5215.01,2025-03-02 10:11:00,Failed,UPI
117,117,18356.55,2026-01-17 22:18:00,Completed,Credit Card
118,118,5446.1,2026-02-07 15:10:00,Completed,Wallet
119,119,4843.69,2025-02-15 12:39:00,Completed,Credit Card
120,120,16142.49,2025-10-25 01:19:00,Completed,Net Banking
121,121,4423.92,2026-03-13 22:03:00,Refunded,Credit Card
122,122,5756.76,2025-01-25 08:49:00,Completed,UPI
123,123,5234.95,2025-11-15 17:33:00,Completed,Debit Card
124,124,5128.51,2024-12-19 16:51:00,Completed,Net Banking
125,125,4657.83,2025-10-16 19:34:00,Completed,Debit Card
126,126,9100.15,2025-01-24 21:28:00,Completed,Wallet
127,127,5459.48,2026-01-12 22:51:00,Refunded,Debit Card
128,128,4288.77,2025-04-28 13:36:00,Refunded,Wallet
129,129,17749.43,2025-07-01 05:11:00,Pending,UPI
130,130,4802.89,2025-02-10 12:05:00,Refunded,Debit Card
131,131,4762.79,2025-09-28 20:54:00,Completed,UPI
132,132,4170.8,2025-11-05 03:03:00,Refunded,Credit Card
133,133,14042.59,2024-11-14 14:36:00,Completed,Credit Card
134,134,15043.83,2025-11-08 00:52:00,Completed,Credit Card
135,135,16399.64,2026-02-23 12:03:00,Refunded,Net Banking
136,136,5061.0,2025-10-06 19:58:00,Completed,Net Banking
137,137,4101.07,2025-09-30 08:21:00,Failed,Wallet
138,138,13596.87,2026-02-06 22:57:00,Refunded,Credit Card
139,139,5769.23,2025-12-22 20:19:00,Completed,Net Banking
140,140,26904.7,2024-10-11 00:31:00,Completed,Debit Card
141,141,5159.9,2025-05-29 20:52:00,Refunded,UPI
142,142,17081.63,2025-04-11 08:04:00,Completed,UPI
143,143,4166.93,2025-10-11 19:05:00,Refunded,UPI
144,144,4203.02,2025-04-06 08:41:00,Refunded,Credit Card
145,145,28980.2,2025-02-08 23:32:00,Refunded,Wallet
146,146,15484.5,2025-07-02 07:58:00,Completed,Wallet
147,147,5591.19,2025-03-26 10:24:00,Completed,UPI
148,148,4102.27,2025-03-09 10:00:00,Completed,Credit Card
149,149,4864.62,2025-06-15 12:17:00,Pending,Net Banking
150,150,5289.95,2026-04-02 12:02:00,Pending,Credit Card
151,151,4878.63,2025-12-30 18:39:00,Failed,Debit Card
152,152,5836.82,2025-06-15 11:09:00,Pending,Debit Card
153,153,4353.38,2025-03-22 23:40:00,Completed,Net Banking
154,154,4695.99,2026-03-13 17:06:00,Completed,Wallet
155,155,5169.24,2025-06-26 18:41:00,Completed,UPI
156,156,5220.31,2024-10-13 20:08:00,Refunded,Wallet
157,157,4665.93,2025-09-09 03:06:00,Completed,Net Banking
158,158,5590.03,2025-01-08 21:29:00,Completed,Wallet
159,159,25793.27,2025-10-15 20:29:00,Completed,Wallet
160,160,5235.28,2025-06-19 00:56:00,Pending,Wallet
161,161,4935.18,2025-05-14 05:09:00,Completed,UPI
162,162,4190.76,2025-01-19 05:57:00,Completed,Net Banking
163,163,5094.22,2025-07-23 05:01:00,Completed,Debit Card
164,164,5245.62,2025-05-12 02:34:00,Failed,Credit Card
165,165,4274.37,2026-04-03 02:52:00,Refunded,Net Banking
166,166,5059.01,2025-09-22 15:44:00,Completed,Debit Card
167,167,4974.3,2025-02-10 15:19:00,Refunded,Net Banking
168,168,14515.28,2025-12-09 15:16:00,Completed,Credit Card
169,169,4237.0,2025-08-08 00:15:00,Refunded,Credit Card
170,170,15041.17,2024-11-06 18:52:00,Refunded,Wallet
171,171,4706.13,2025-12-01 13:26:00,Failed,UPI
172,172,9031.58,2025-10-14 03:54:00,Failed,Debit Card
173,173,9542.69,2025-12-17 20:57:00,Completed,Debit Card
174,174,8826.37,2025-12-09 02:18:00,Pending,Wallet
175,175,5735.4,2025-10-11 11:14:00,Completed,Debit Card
176,176,10446.7,2026-01-07 17:38:00,Completed,Debit Card
177,177,4659.52,2026-01-29 13:02:00,Completed,Wallet
178,178,17605.9,2024-12-02 02:13:00,Refunded,Credit Card
179,179,5653.7,2024-12-15 22:36:00,Completed,Credit Card
180,180,10064.59,2025-03-30 07:39:00,Completed,Wallet
181,181,4829.34,2025-12-15 17:20:00,Completed,Credit Card
182,182,10049.17,2026-02-23 05:07:00,Pending,Wallet
183,183,4492.26,2025-02-06 00:43:00,Refunded,Debit Card
184,184,5412.46,2025-02-09 08:08:00,Refunded,Wallet
185,185,5655.77,2025-07-22 22:00:00,Completed,Credit Card
186,186,29403.18,2025-02-25 16:33:00,Refunded,Wallet
187,187,5113.91,2026-03-04 06:28:00,Completed,Debit Card
188,188,4068.77,2025-05-16 23:53:00,Pending,Credit Card
189,189,14905.82,2026-01-21 21:37:00,Completed,Credit Card
190,190,4459.83,2026-02-08 18:03:00,Completed,Debit Card
191,191,18921.48,2025-12-29 12:31:00,Completed,Debit Card
192,192,4560.76,2025-10-22 22:10:00,Pending,Credit Card
193,193,35803.13,2025-11-24 23:25:00,Failed,Net Banking
194,194,4130.12,2025-01-06 02:57:00,Completed,Net Banking
195,195,4674.36,2025-04-20 19:01:00,Completed,Credit Card
196,196,25340.88,2025-07-16 18:28:00,Completed,Credit Card
197,197,4359.72,2025-10-08 11:52:00,Refunded,Wallet
198,198,4229.5,2025-10-29 17:12:00,Completed,Wallet
199,199,9702.94,2025-04-17 02:29:00,Completed,Net Banking
200,200,9456.31,2025-07-20 19:33:00,Completed,Net Banking
201,201,4396.75,2026-04-20 18:32:00,Completed,Credit Card
202,202,4545.85,2026-03-24 17:12:00,Completed,Credit Card
203,203,5523.36,2025-05-14 09:31:00,Refunded,UPI
204,204,5247.67,2025-07-08 14:56:00,Refunded,UPI
205,205,4156.77,2025-01-11 19:06:00,Refunded,Credit Card
206,206,4499.6,2025-12-06 22:23:00,Completed,Credit Card
207,207,5417.3,2025-10-29 14:59:00,Refunded,Debit Card
208,208,5338.51,2025-04-23 10:41:00,Completed,Wallet
209,209,9878.57,2025-08-16 07:39:00,Failed,Debit Card
210,210,4123.15,2024-12-27 00:09:00,Completed,Credit Card
211,211,5349.68,2025-02-16 21:02:00,Refunded,Wallet
212,212,27210.6,2025-01-28 01:23:00,Refunded,Credit Card
213,213,10695.86,2025-12-17 07:12:00,Failed,UPI
214,214,5409.31,2026-02-19 19:25:00,Completed,Wallet
215,215,5616.71,2025-04-08 22:39:00,Completed,Debit Card
216,216,17695.51,2025-12-03 06:56:00,Refunded,UPI
217,217,26320.74,2026-01-11 02:26:00,Failed,Wallet
218,218,8002.32,2025-10-23 00:27:00,Completed,Credit Card
219,219,15434.23,2025-06-16 12:21:00,Completed,Credit Card
220,220,16336.88,2024-12-17 08:27:00,Pending,Net Banking
221,221,4749.11,2025-11-01 09:18:00,Failed,Debit Card
222,222,4185.74,2024-12-28 19:32:00,Completed,UPI
223,223,4397.23,2025-10-16 23:16:00,Failed,UPI
224,224,5156.14,2024-12-26 05:22:00,Completed,Wallet
225,225,35093.6,2025-08-21 09:50:00,Completed,Net Banking
226,226,16427.17,2025-07-16 08:18:00,Completed,Credit Card
227,227,14712.76,2025-04-04 01:59:00,Refunded,Credit Card
228,228,7879.16,2025-02-03 23:12:00,Pending,Net Banking
229,229,4876.55,2025-11-26 05:27:00,Completed,Net Banking
230,230,5079.93,2025-12-14 16:11:00,Failed,Credit Card
231,231,5085.12,2025-08-20 03:41:00,Completed,Credit Card
232,232,5078.06,2025-06-22 22:57:00,Completed,Net Banking
233,233,4727.32,2025-03-15 22:29:00,Refunded,UPI
234,234,5611.56,2025-10-09 18:40:00,Completed,Credit Card
235,235,8992.68,2025-08-25 13:02:00,Refunded,Credit Card
236,236,17109.96,2025-07-04 00:47:00,Completed,Debit Card
237,237,17420.02,2024-12-26 20:23:00,Completed,Credit Card
238,238,18632.23,2025-12-12 12:45:00,Failed,Wallet
239,239,5321.29,2025-08-29 04:28:00,Completed,Credit Card
240,240,5068.29,2025-07-02 16:23:00,Failed,Wallet
241,241,4638.8,2025-04-15 16:47:00,Completed,Credit Card
242,242,5397.5,2025-02-11 04:38:00,Completed,Wallet
243,243,4370.23,2025-09-16 00:33:00,Completed,UPI
244,244,5389.29,2025-10-12 16:10:00,Completed,Wallet
245,245,15955.22,2025-09-06 01:09:00,Completed,Debit Card
246,246,4148.12,2025-07-03 18:57:00,Failed,Wallet
247,247,10924.33,2025-03-27 19:27:00,Failed,Wallet
248,248,9903.78,2025-08-19 15:20:00,Completed,Net Banking
249,249,4857.24,2025-03-29 17:55:00,Failed,Debit Card
250,250,26286.02,2025-08-07 19:06:00,Failed,Credit Card
251,251,4741.32,2026-02-08 17:39:00,Completed,Debit Card
252,252,4400.31,2026-03-26 01:41:00,Completed,Net Banking
253,253,4122.23,2025-11-14 10:13:00,Completed,Wallet
254,254,4657.23,2025-05-15 14:53:00,Refunded,Wallet
255,255,9185.1,2025-05-07 06:17:00,Failed,Wallet
256,256,9659.85,2025-06-17 12:14:00,Failed,Wallet
257,257,4945.71,2025-07-13 19:11:00,Refunded,UPI
258,258,5528.74,2025-04-25 17:20:00,Completed,UPI
259,259,4664.06,2025-12-11 10:44:00,Completed,Wallet
260,260,17714.61,2025-05-22 22:56:00,Completed,Debit Card
261,261,4963.65,2025-04-07 19:03:00,Completed,Net Banking
262,262,14926.01,2025-11-23 09:50:00,Pending,Wallet
263,263,4785.8,2025-05-19 22:45:00,Completed,Net Banking
264,264,5780.98,2025-10-19 18:19:00,Completed,Wallet
265,265,18077.61,2025-07-14 14:32:00,Refunded,Debit Card
266,266,4841.75,2025-08-07 08:19:00,Pending,Debit Card
267,267,4937.04,2026-02-14 23:42:00,Completed,UPI
268,268,4751.85,2025-03-04 05:30:00,Completed,Wallet
269,269,7876.1,2026-03-09 01:15:00,Refunded,Wallet
270,270,4767.61,2025-07-07 07:33:00,Pending,Net Banking
271,271,4329.45,2025-03-02 20:48:00,Failed,Credit Card
272,272,16358.57,2025-11-09 12:12:00,Completed,Credit Card
273,273,4844.96,2025-07-12 14:24:00,Completed,Wallet
274,274,5021.02,2025-06-03 04:34:00,Refunded,Debit Card
275,275,4081.43,2026-01-16 09:41:00,Refunded,Net Banking
276,276,4974.16,2025-05-31 03:48:00,Completed,UPI
277,277,4601.27,2025-10-01 02:52:00,Completed,UPI
278,278,18101.25,2025-01-01 10:17:00,Completed,Net Banking
279,279,4915.68,2025-07-25 22:49:00,Completed,Net Banking
280,280,8718.4,2025-11-25 01:09:00,Pending,Debit Card
281,281,4962.44,2025-12-18 16:49:00,Failed,Net Banking
282,282,9260.15,2025-01-23 20:49:00,Refunded,Debit Card
283,283,5762.69,2025-06-11 13:57:00,Completed,Credit Card
284,284,10265.42,2025-03-10 08:14:00,Refunded,Wallet
285,285,5452.61,2025-04-02 02:13:00,Completed,Wallet
286,286,36054.03,2025-01-31 09:20:00,Completed,UPI
287,287,8255.24,2025-02-03 17:28:00,Failed,Debit Card
288,288,17637.42,2025-01-13 09:57:00,Completed,UPI
289,289,4842.95,2024-12-09 21:54:00,Completed,Debit Card
290,290,4838.89,2025-08-17 16:35:00,Failed,UPI
291,291,4408.17,2025-09-26 01:37:00,Pending,Net Banking
292,292,4301.19,2026-03-24 16:53:00,Refunded,UPI
293,293,4677.6,2025-09-26 13:49:00,Completed,UPI
294,294,4879.16,2025-12-01 07:51:00,Completed,Debit Card
295,295,9647.32,2025-07-28 07:00:00,Refunded,Wallet
296,296,8965.46,2025-05-24 05:31:00,Completed,UPI
297,297,4680.73,2025-01-21 20:04:00,Refunded,Net Banking
298,298,17011.34,2025-02-18 06:03:00,Completed,Credit Card
299,299,5184.94,2025-01-19 16:42:00,Failed,Wallet
300,300,5593.82,2025-04-14 21:18:00,Refunded,Credit Card
301,301,14926.98,2026-03-15 04:50:00,Completed,Wallet
302,302,13943.93,2025-02-12 18:05:00,Completed,Debit Card
303,303,4838.87,2025-12-06 11:20:00,Completed,UPI
304,304,19059.37,2025-09-08 02:05:00,Completed,Credit Card
305,305,4691.99,2025-04-29 04:47:00,Completed,Wallet
306,306,8543.74,2025-05-28 09:49:00,Refunded,Credit Card
307,307,14595.01,2025-07-26 14:55:00,Completed,Net Banking
308,308,5658.06,2025-07-05 02:30:00,Completed,UPI
309,309,18422.91,2026-02-25 14:39:00,Completed,UPI
310,310,7802.05,2024-12-18 14:08:00,Completed,Net Banking
311,311,5235.5,2025-01-02 08:23:00,Completed,Debit Card
312,312,9884.52,2025-02-10 11:17:00,Completed,Debit Card
313,313,5313.97,2025-05-07 08:22:00,Completed,Net Banking
314,314,10700.93,2025-03-09 16:54:00,Completed,Wallet
315,315,15032.71,2025-05-30 00:52:00,Completed,Wallet
316,316,13831.84,2026-01-16 23:50:00,Completed,UPI
317,317,5786.26,2024-12-01 23:40:00,Completed,UPI
318,318,19159.42,2025-04-28 00:32:00,Completed,Credit Card
319,319,14221.67,2026-03-02 01:58:00,Completed,Net Banking
320,320,4251.03,2025-10-03 22:23:00,Completed,Wallet
321,321,8174.07,2025-05-05 01:55:00,Completed,Debit Card
322,322,14146.65,2025-11-13 22:30:00,Completed,UPI
323,323,5719.3,2025-06-28 23:48:00,Refunded,Net Banking
324,324,4728.72,2025-09-19 21:32:00,Completed,Credit Card
325,325,4435.02,2025-01-10 11:49:00,Completed,Net Banking
326,326,4514.26,2025-11-08 23:11:00,Failed,Wallet
327,327,5071.31,2025-11-09 00:00:00,Completed,UPI
328,328,4167.24,2026-01-23 20:17:00,Refunded,Net Banking
329,329,4181.55,2025-06-06 10:55:00,Completed,Credit Card
330,330,4872.4,2025-12-31 22:57:00,Refunded,UPI
331,331,5098.96,2025-02-01 10:43:00,Refunded,Credit Card
332,332,5576.39,2025-11-21 13:43:00,Completed,Credit Card
333,333,4965.07,2025-07-23 20:45:00,Refunded,UPI
334,334,8626.46,2025-04-18 05:17:00,Completed,Wallet
335,335,4983.43,2026-03-01 15:39:00,Failed,Credit Card
336,336,5305.74,2024-12-02 22:46:00,Pending,UPI
337,337,4106.47,2025-05-18 05:55:00,Refunded,Net Banking
338,338,8774.25,2026-01-22 13:27:00,Completed,Credit Card
339,339,4993.63,2025-12-23 01:52:00,Failed,Debit Card
340,340,10434.25,2025-02-14 02:16:00,Completed,Net Banking
341,341,9154.98,2025-03-31 23:53:00,Completed,Wallet
342,342,4113.54,2025-11-01 02:04:00,Refunded,Debit Card
343,343,4819.5,2025-01-11 09:52:00,Completed,Credit Card
344,344,5364.05,2026-03-13 15:01:00,Pending,Net Banking
345,345,4493.2,2025-08-18 00:32:00,Completed,UPI
346,346,8463.67,2026-02-17 03:29:00,Completed,Credit Card
347,347,4938.21,2025-02-21 18:32:00,Failed,UPI
348,348,5842.33,2024-12-07 12:57:00,Completed,Credit Card
349,349,4631.38,2025-08-29 05:24:00,Failed,Wallet
350,350,7837.39,2025-05-16 21:18:00,Completed,UPI
351,351,4839.38,2025-05-06 00:46:00,Completed,UPI
352,352,5312.88,2025-12-02 08:16:00,Completed,Debit Card
353,353,5017.97,2025-10-17 06:44:00,Refunded,Wallet
354,354,5597.08,2025-05-05 19:23:00,Refunded,Net Banking
355,355,14106.74,2026-01-09 20:09:00,Completed,Wallet
356,356,4585.83,2024-12-10 18:58:00,Pending,Net Banking
357,357,5440.27,2026-02-10 15:46:00,Refunded,Debit Card
358,358,10948.77,2025-08-12 21:18:00,Completed,UPI
359,359,5616.42,2025-09-12 16:37:00,Completed,Net Banking
360,360,4131.42,2025-10-10 10:40:00,Completed,Credit Card
361,361,4921.39,2026-01-18 02:24:00,Completed,Credit Card
362,362,5355.72,2025-04-30 03:21:00,Refunded,Wallet
363,363,4334.3,2026-05-06 05:45:00,Pending,Net Banking
364,364,13643.01,2025-03-10 19:57:00,Completed,UPI
365,365,7769.66,2025-01-15 15:00:00,Pending,Debit Card
366,366,5175.89,2025-04-08 02:27:00,Refunded,Credit Card
367,367,7898.39,2025-03-15 03:06:00,Completed,UPI
368,368,30059.16,2025-05-30 16:59:00,Completed,Credit Card
369,369,4610.15,2024-10-24 02:51:00,Refunded,UPI
370,370,4873.02,2026-03-17 22:41:00,Completed,Wallet
371,371,29510.9,2025-11-30 10:56:00,Failed,Debit Card
372,372,4281.35,2025-05-18 18:59:00,Completed,Debit Card
373,373,8401.6,2025-11-30 20:40:00,Refunded,Net Banking
374,374,5634.31,2025-03-03 12:41:00,Failed,Debit Card
375,375,10316.03,2024-11-17 10:39:00,Refunded,UPI
376,376,5121.42,2024-12-21 23:58:00,Completed,UPI
377,377,5161.03,2025-11-27 11:39:00,Completed,Debit Card
378,378,13745.83,2025-03-23 15:45:00,Completed,Debit Card
379,379,4299.69,2025-10-24 04:40:00,Completed,Wallet
380,380,16261.5,2025-06-05 05:39:00,Completed,Net Banking
381,381,5073.68,2025-01-04 11:52:00,Completed,UPI
382,382,5830.58,2025-04-11 12:26:00,Refunded,Net Banking
383,383,5085.82,2025-12-24 19:36:00,Completed,Net Banking
384,384,5382.01,2025-06-04 11:14:00,Pending,Wallet
385,385,4120.18,2025-05-18 04:57:00,Pending,UPI
386,386,5387.6,2025-05-08 08:56:00,Completed,UPI
387,387,4390.82,2025-02-04 00:56:00,Completed,Wallet
388,388,9118.11,2026-01-02 12:56:00,Completed,Wallet
389,389,13858.72,2025-05-17 02:40:00,Refunded,Debit Card
390,390,5714.19,2025-04-13 05:57:00,Completed,Debit Card
391,391,18980.05,2025-11-08 08:50:00,Failed,Net Banking
392,392,7751.93,2025-11-07 19:14:00,Refunded,Debit Card
393,393,4317.05,2025-05-16 12:56:00,Refunded,Credit Card
394,394,4529.94,2025-02-07 20:29:00,Completed,UPI
395,395,4771.33,2026-01-06 07:08:00,Refunded,Net Banking
396,396,4174.9,2025-02-22 10:01:00,Completed,Net Banking
397,397,5788.06,2025-08-21 12:30:00,Completed,UPI
398,398,5731.79,2025-10-03 22:47:00,Completed,Credit Card
399,399,5309.75,2025-04-01 23:22:00,Completed,UPI
400,400,4369.02,2025-07-14 04:29:00,Completed,Wallet
401,401,4194.91,2025-12-15 03:59:00,Completed,UPI
402,402,4213.32,2025-09-28 10:42:00,Completed,UPI
403,403,8895.98,2025-12-01 06:37:00,Pending,Debit Card
404,404,5790.11,2025-02-24 19:29:00,Completed,Debit Card
405,405,4751.91,2024-11-23 20:50:00,Completed,Credit Card
406,406,4227.44,2025-09-10 12:48:00,Completed,Credit Card
407,407,5820.54,2025-02-17 07:26:00,Completed,UPI
408,408,5328.83,2026-03-07 06:42:00,Completed,UPI
409,409,4430.35,2025-02-15 04:30:00,Refunded,Credit Card
410,410,10154.11,2025-06-06 01:50:00,Completed,UPI
411,411,4279.18,2025-03-18 04:50:00,Completed,Credit Card
412,412,5352.07,2025-07-11 22:42:00,Pending,Debit Card
413,413,5226.5,2026-01-18 21:59:00,Refunded,Credit Card
414,414,13806.5,2025-10-06 00:59:00,Failed,Wallet
415,415,5375.54,2025-10-01 14:51:00,Completed,Credit Card
416,416,4593.49,2025-08-02 06:18:00,Refunded,Credit Card
417,417,17809.73,2025-02-14 04:20:00,Completed,UPI
418,418,4345.25,2025-12-28 06:15:00,Refunded,UPI
419,419,4578.86,2025-07-15 19:32:00,Completed,Net Banking
420,420,5701.46,2024-12-25 13:59:00,Completed,Net Banking
421,421,4982.81,2026-03-22 08:53:00,Refunded,Debit Card
422,422,4942.42,2024-12-02 06:53:00,Completed,Credit Card
423,423,8359.77,2025-11-15 13:23:00,Completed,Wallet
424,424,9861.47,2025-02-16 02:19:00,Refunded,Debit Card
425,425,8079.42,2025-02-08 09:42:00,Completed,UPI
426,426,28176.55,2025-04-02 16:31:00,Refunded,Credit Card
427,427,4747.55,2024-10-30 01:14:00,Completed,Debit Card
428,428,4114.34,2025-11-24 11:02:00,Completed,Credit Card
429,429,8501.83,2025-10-17 03:27:00,Completed,Debit Card
430,430,19234.4,2025-10-24 20:40:00,Completed,Net Banking
431,431,5113.41,2025-07-20 11:12:00,Completed,UPI
432,432,10750.35,2025-12-15 08:27:00,Completed,Wallet
433,433,5500.92,2025-07-22 20:32:00,Completed,Credit Card
434,434,4724.59,2025-09-15 00:48:00,Completed,Debit Card
435,435,32686.44,2025-11-13 11:07:00,Refunded,Net Banking
436,436,16747.56,2025-04-25 08:54:00,Completed,Credit Card
437,437,15822.62,2026-02-08 01:27:00,Failed,Credit Card
438,438,10010.47,2026-03-08 23:00:00,Completed,Debit Card
439,439,5126.93,2026-03-22 16:07:00,Pending,UPI
440,440,9808.51,2025-12-22 09:14:00,Refunded,Wallet
441,441,4848.08,2024-11-05 16:05:00,Completed,Net Banking
442,442,9892.0,2025-06-02 06:23:00,Completed,Wallet
443,443,31378.05,2025-10-25 00:45:00,Refunded,Credit Card
444,444,4537.34,2025-08-09 18:13:00,Completed,UPI
445,445,26600.27,2025-08-18 09:37:00,Completed,Net Banking
446,446,5551.32,2026-03-11 00:59:00,Completed,Net Banking
447,447,5733.53,2025-07-13 18:17:00,Refunded,Debit Card
448,448,4413.95,2025-09-29 13:50:00,Completed,Debit Card
449,449,9360.41,2025-12-05 16:16:00,Completed,Wallet
450,450,18290.92,2025-04-22 22:42:00,Completed,Credit Card
451,451,4321.35,2024-12-03 06:17:00,Completed,Wallet
452,452,5265.49,2025-09-23 20:28:00,Failed,Credit Card
453,453,5474.91,2025-05-01 15:58:00,Completed,Debit Card
454,454,4641.55,2025-01-28 03:42:00,Pending,Credit Card
455,455,9684.72,2025-12-07 13:33:00,Refunded,Net Banking
456,456,18859.46,2025-07-09 17:53:00,Completed,Wallet
457,457,5672.81,2024-12-30 10:14:00,Completed,UPI
458,458,4965.72,2025-08-10 07:25:00,Completed,Credit Card
459,459,4432.49,2026-01-01 17:28:00,Refunded,Wallet
460,460,5282.54,2025-02-23 21:02:00,Completed,Credit Card
461,461,5420.33,2025-11-20 12:07:00,Failed,Debit Card
462,462,17341.59,2025-06-16 12:21:00,Completed,Debit Card
463,463,4824.65,2026-01-10 00:11:00,Completed,Credit Card
464,464,4656.01,2024-12-26 06:36:00,Refunded,Wallet
465,465,4056.01,2025-08-22 08:01:00,Failed,Credit Card
466,466,5432.0,2025-03-19 01:56:00,Completed,Wallet
467,467,4699.78,2025-03-22 05:55:00,Completed,Wallet
468,468,14372.26,2025-12-23 07:28:00,Completed,Credit Card
469,469,4330.67,2025-06-04 02:45:00,Completed,UPI
470,470,15724.75,2025-02-12 13:39:00,Completed,Wallet
471,471,8886.11,2026-02-13 15:35:00,Refunded,Debit Card
472,472,5437.77,2025-07-19 21:11:00,Completed,UPI
473,473,5630.72,2025-09-08 17:01:00,Completed,Debit Card
474,474,15069.0,2025-04-15 02:28:00,Completed,UPI
475,475,8609.82,2025-12-31 11:44:00,Completed,Wallet
476,476,4424.58,2025-04-21 01:00:00,Completed,Debit Card
477,477,14908.23,2025-09-08 17:22:00,Completed,UPI
478,478,4428.59,2025-11-17 05:06:00,Pending,Credit Card
479,479,14866.95,2025-05-24 18:54:00,Failed,Net Banking
480,480,4339.98,2025-11-22 18:14:00,Refunded,Wallet
481,481,4189.09,2025-06-20 08:18:00,Completed,Credit Card
482,482,8229.61,2025-06-04 14:07:00,Refunded,Wallet
483,483,4566.35,2025-06-07 16:26:00,Pending,Credit Card
484,484,5686.04,2025-08-06 22:26:00,Completed,Net Banking
485,485,4368.47,2025-09-17 05:33:00,Completed,Net Banking
486,486,4454.04,2026-02-28 07:48:00,Failed,Credit Card
487,487,4884.08,2025-07-20 16:41:00,Completed,Debit Card
488,488,5640.52,2025-12-11 08:48:00,Completed,Wallet
489,489,4797.14,2025-09-19 09:06:00,Pending,Debit Card
490,490,8349.83,2025-01-14 16:56:00,Pending,Wallet
491,491,5114.55,2026-01-22 15:20:00,Completed,UPI
492,492,35327.93,2025-09-05 08:41:00,Failed,Debit Card
493,493,10708.87,2025-11-13 00:34:00,Completed,Credit Card
494,494,34088.82,2025-04-25 13:07:00,Refunded,Net Banking
495,495,4630.29,2026-04-12 01:15:00,Completed,Net Banking
496,496,14458.87,2025-06-17 12:54:00,Completed,Debit Card
497,497,4191.5,2025-02-13 10:14:00,Completed,UPI
498,498,4364.35,2025-02-07 07:33:00,Pending,Debit Card
499,499,18204.38,2026-03-19 14:53:00,Refunded,UPI
500,500,19262.49,2026-03-31 09:18:00,Completed,Credit Card
501,501,5493.11,2026-01-31 21:56:00,Completed,Net Banking
502,502,5667.44,2025-05-11 05:59:00,Refunded,Net Banking
503,503,9851.66,2025-01-05 05:57:00,Completed,UPI
504,504,19146.54,2025-11-14 00:33:00,Refunded,Net Banking
505,505,8544.59,2025-07-08 08:25:00,Completed,UPI
506,506,4302.4,2026-01-30 09:30:00,Failed,Wallet
507,507,9208.02,2026-05-01 03:19:00,Refunded,Debit Card
508,508,8750.8,2025-05-18 03:31:00,Refunded,Credit Card
509,509,5733.86,2026-01-29 06:07:00,Pending,Wallet
510,510,4731.17,2025-03-22 23:16:00,Completed,Debit Card
511,511,4808.28,2024-12-04 03:00:00,Pending,UPI
512,512,5487.15,2025-06-08 10:14:00,Completed,Credit Card
513,513,8856.02,2025-01-25 18:10:00,Pending,Credit Card
514,514,5269.27,2025-12-01 18:30:00,Refunded,Credit Card
515,515,4889.25,2025-02-26 23:24:00,Completed,Net Banking
516,516,5581.7,2025-07-15 23:19:00,Completed,Credit Card
517,517,5559.57,2026-03-09 11:17:00,Refunded,Debit Card
518,518,5619.55,2024-12-28 16:32:00,Refunded,Wallet
519,519,8564.43,2025-12-21 17:13:00,Failed,Wallet
520,520,8703.41,2025-07-01 23:34:00,Refunded,Debit Card
521,521,5388.45,2026-04-27 17:03:00,Completed,Debit Card
522,522,4409.36,2025-10-24 12:55:00,Pending,Credit Card
523,523,4558.61,2025-03-10 15:21:00,Completed,Net Banking
524,524,4800.71,2024-10-12 12:28:00,Refunded,Debit Card
525,525,8965.01,2025-07-17 15:13:00,Completed,Debit Card
526,526,14751.51,2025-08-24 19:05:00,Refunded,Credit Card
527,527,5178.98,2026-03-08 03:53:00,Refunded,UPI
528,528,17796.52,2024-11-02 00:00:00,Completed,Net Banking
529,529,16533.57,2024-12-29 16:29:00,Completed,Wallet
530,530,5530.73,2025-02-03 01:58:00,Completed,Wallet
531,531,5421.02,2025-07-26 16:14:00,Completed,UPI
532,532,5196.13,2024-12-23 19:06:00,Completed,Wallet
533,533,5688.42,2025-05-08 17:22:00,Refunded,Debit Card
534,534,5112.58,2025-02-11 02:43:00,Refunded,Debit Card
535,535,4454.69,2025-06-16 12:17:00,Completed,Wallet
536,536,5196.16,2025-10-02 00:55:00,Refunded,Net Banking
537,537,9808.68,2025-12-24 10:26:00,Refunded,Debit Card
538,538,32331.01,2024-12-02 05:52:00,Pending,Debit Card
539,539,16246.61,2025-05-07 21:34:00,Refunded,Debit Card
540,540,4337.0,2025-05-24 05:10:00,Pending,Credit Card
541,541,4621.5,2025-01-24 16:40:00,Completed,Debit Card
542,542,17457.91,2025-04-25 21:00:00,Failed,UPI
543,543,4602.96,2025-02-26 15:08:00,Pending,Credit Card
544,544,18955.11,2025-06-01 04:34:00,Completed,Net Banking
545,545,4597.26,2024-12-07 18:31:00,Refunded,Credit Card
546,546,5663.75,2025-11-16 07:30:00,Completed,Wallet
547,547,5758.29,2025-06-27 06:48:00,Refunded,Credit Card
548,548,4667.31,2025-11-15 03:43:00,Completed,Net Banking
549,549,4212.72,2025-05-01 06:16:00,Refunded,Credit Card
550,550,4167.65,2026-04-26 18:59:00,Completed,UPI
551,551,9065.69,2026-01-07 03:34:00,Completed,Debit Card
552,552,16119.29,2025-03-10 23:15:00,Refunded,Wallet
553,553,5692.22,2024-12-03 05:02:00,Refunded,Debit Card
554,554,4687.94,2025-05-08 20:11:00,Failed,Debit Card
555,555,5435.83,2025-12-23 05:44:00,Pending,Credit Card
556,556,10176.83,2025-08-05 17:32:00,Pending,Wallet
557,557,29290.42,2025-06-22 00:30:00,Failed,Credit Card
558,558,5148.64,2025-05-28 22:14:00,Completed,UPI
559,559,5833.81,2025-08-14 20:59:00,Completed,Credit Card
560,560,9732.72,2025-09-10 04:42:00,Completed,Credit Card
561,561,4486.94,2025-06-25 09:55:00,Completed,Credit Card
562,562,5826.47,2026-02-06 01:06:00,Refunded,Net Banking
563,563,5204.48,2025-08-01 04:29:00,Completed,Wallet
564,564,4583.17,2026-02-11 20:49:00,Completed,UPI
565,565,4422.85,2025-02-03 19:12:00,Refunded,Wallet
566,566,4226.89,2024-12-18 14:27:00,Failed,Wallet
567,567,4105.6,2025-04-12 22:37:00,Failed,Net Banking
568,568,5360.7,2025-11-29 01:53:00,Pending,Net Banking
569,569,4365.95,2025-05-30 03:58:00,Completed,Wallet
570,570,5351.13,2024-12-02 08:37:00,Pending,UPI
571,571,5018.82,2024-12-20 08:14:00,Pending,Net Banking
572,572,15392.08,2025-04-24 13:40:00,Refunded,Wallet
573,573,4335.75,2025-08-10 08:06:00,Pending,Credit Card
574,574,9374.92,2026-01-04 11:27:00,Failed,Wallet
575,575,5169.17,2025-10-28 20:51:00,Completed,Wallet
576,576,5799.77,2025-07-16 04:43:00,Completed,Wallet
577,577,5721.89,2025-12-11 11:33:00,Pending,Wallet
578,578,4336.06,2025-12-26 16:22:00,Failed,UPI
579,579,5822.9,2025-12-21 11:22:00,Refunded,Credit Card
580,580,4899.31,2026-03-03 22:41:00,Refunded,Credit Card
581,581,4531.02,2025-09-05 11:37:00,Completed,Debit Card
582,582,16927.44,2025-04-23 07:53:00,Completed,Net Banking
583,583,8757.32,2025-05-21 07:22:00,Refunded,Credit Card
584,584,16602.18,2025-08-23 11:23:00,Refunded,Debit Card
585,585,4525.56,2025-05-07 03:12:00,Completed,Debit Card
586,586,8476.07,2025-03-09 21:20:00,Completed,UPI
587,587,5564.56,2025-09-20 03:10:00,Completed,Debit Card
588,588,5436.9,2025-08-08 01:37:00,Refunded,Debit Card
589,589,5008.03,2025-03-06 19:34:00,Completed,Debit Card
590,590,17430.63,2024-12-05 07:54:00,Completed,UPI
591,591,34560.28,2025-07-18 05:28:00,Refunded,UPI
592,592,4075.51,2025-05-16 15:37:00,Failed,UPI
593,593,13865.41,2025-05-07 05:55:00,Completed,Debit Card
594,594,17479.14,2025-08-12 01:20:00,Completed,Debit Card
595,595,5206.03,2024-11-17 00:00:00,Completed,Wallet
596,596,5435.9,2025-06-27 22:52:00,Completed,Credit Card
597,597,5566.74,2025-10-10 04:55:00,Failed,UPI
598,598,4911.88,2025-12-11 23:30:00,Pending,Credit Card
599,599,4976.52,2025-09-25 20:28:00,Completed,Debit Card
600,600,5778.7,2025-12-15 05:36:00,Completed,Credit Card
601,601,4656.6,2025-02-25 22:48:00,Completed,Credit Card
602,602,4183.97,2025-08-24 04:38:00,Completed,Debit Card
603,603,8394.52,2024-11-21 02:38:00,Failed,Debit Card
604,604,15787.74,2026-02-10 02:00:00,Completed,Debit Card
605,605,5793.71,2025-11-29 14:03:00,Completed,Net Banking
606,606,4519.84,2026-01-30 15:05:00,Completed,UPI
607,607,4864.18,2025-11-15 06:50:00,Completed,Debit Card
608,608,4954.15,2026-02-03 08:31:00,Pending,Debit Card
609,609,10204.72,2025-05-30 23:19:00,Completed,Debit Card
610,610,34888.95,2026-02-03 13:22:00,Completed,Debit Card
611,611,18874.91,2025-06-25 16:06:00,Completed,Credit Card
612,612,5575.35,2026-04-14 14:25:00,Completed,UPI
613,613,4570.83,2025-06-23 14:10:00,Completed,Credit Card
614,614,4512.98,2026-02-23 17:09:00,Refunded,UPI
615,615,5342.45,2025-08-09 21:07:00,Completed,Debit Card
616,616,14857.54,2026-05-03 00:02:00,Pending,UPI
617,617,4209.97,2025-07-24 22:48:00,Pending,Net Banking
618,618,9973.4,2025-04-19 10:45:00,Completed,Net Banking
619,619,36163.64,2026-03-16 05:47:00,Failed,Wallet
620,620,28292.21,2025-07-12 16:44:00,Completed,Wallet
621,621,4336.79,2025-11-02 12:55:00,Refunded,Debit Card
622,622,7889.78,2026-04-04 22:18:00,Pending,Credit Card
623,623,4174.68,2024-11-08 13:40:00,Pending,Wallet
624,624,5587.84,2024-12-15 01:13:00,Completed,Net Banking
625,625,4342.94,2025-02-12 06:29:00,Completed,Credit Card
626,626,16565.43,2024-12-23 03:17:00,Completed,UPI
627,627,13980.05,2025-11-22 20:50:00,Completed,Wallet
628,628,4391.62,2025-04-14 17:22:00,Refunded,Debit Card
629,629,10013.07,2026-02-15 23:46:00,Refunded,Wallet
630,630,5192.34,2026-03-04 06:14:00,Pending,Credit Card
631,631,5838.58,2026-02-06 21:35:00,Completed,Debit Card
632,632,5741.19,2025-08-25 19:49:00,Completed,Wallet
633,633,5083.36,2025-06-01 16:47:00,Completed,UPI
634,634,4101.26,2025-10-14 13:55:00,Completed,Wallet
635,635,5543.1,2025-01-18 18:06:00,Completed,Net Banking
636,636,5110.09,2025-01-31 14:07:00,Pending,Wallet
637,637,5342.86,2025-01-29 03:57:00,Completed,Debit Card
638,638,5726.81,2024-12-14 06:02:00,Completed,Net Banking
639,639,8088.22,2025-01-31 11:49:00,Pending,Wallet
640,640,7971.53,2025-12-23 16:54:00,Completed,UPI
641,641,4245.68,2025-08-31 03:08:00,Completed,Wallet
642,642,5300.1,2025-03-12 23:10:00,Completed,UPI
643,643,5573.62,2025-07-09 18:04:00,Completed,Net Banking
644,644,10257.23,2025-03-13 03:34:00,Completed,Net Banking
645,645,9798.39,2026-02-17 18:00:00,Refunded,Credit Card
646,646,4591.05,2025-07-28 22:06:00,Refunded,Debit Card
647,647,19330.62,2025-08-04 18:01:00,Failed,Debit Card
648,648,5501.21,2025-08-09 03:42:00,Completed,Wallet
649,649,4689.28,2025-02-12 13:52:00,Completed,Net Banking
650,650,4795.17,2025-09-08 16:03:00,Refunded,UPI
651,651,5422.5,2025-03-30 09:09:00,Refunded,UPI
652,652,4949.91,2024-12-14 20:01:00,Refunded,UPI
653,653,4068.79,2025-08-24 02:11:00,Refunded,UPI
654,654,18252.47,2026-04-01 00:40:00,Pending,Net Banking
655,655,33287.92,2025-05-26 12:57:00,Completed,Net Banking
656,656,5430.85,2025-07-18 06:27:00,Refunded,UPI
657,657,8669.98,2025-07-04 07:34:00,Pending,Debit Card
658,658,4961.01,2025-03-26 04:29:00,Refunded,Net Banking
659,659,8685.85,2024-11-05 03:31:00,Refunded,Credit Card
660,660,15164.87,2025-08-27 17:40:00,Refunded,Wallet
661,661,5558.77,2025-07-11 16:35:00,Completed,Debit Card
662,662,4454.68,2025-07-26 22:00:00,Completed,Debit Card
663,663,5352.86,2025-01-21 04:33:00,Completed,Debit Card
664,664,4838.62,2024-12-19 15:06:00,Pending,Net Banking
665,665,4717.62,2025-01-24 23:24:00,Completed,Credit Card
666,666,5082.57,2025-06-15 03:58:00,Refunded,UPI
667,667,4788.67,2025-02-09 08:35:00,Completed,UPI
668,668,5279.42,2025-04-30 22:44:00,Refunded,Net Banking
669,669,4362.79,2025-01-06 01:57:00,Completed,Debit Card
670,670,8325.5,2025-09-19 05:29:00,Completed,UPI
671,671,5063.92,2025-12-18 19:40:00,Completed,Wallet
672,672,4071.96,2025-07-02 01:46:00,Refunded,UPI
673,673,4896.42,2025-07-02 20:51:00,Completed,Debit Card
674,674,5313.86,2024-10-29 19:59:00,Completed,Wallet
675,675,4200.49,2025-04-26 05:35:00,Completed,Wallet
676,676,9563.8,2025-11-20 13:53:00,Completed,Credit Card
677,677,17604.99,2025-12-16 14:55:00,Refunded,Net Banking
678,678,14028.97,2025-11-03 11:33:00,Refunded,Wallet
679,679,5264.55,2025-12-03 07:59:00,Completed,Wallet
680,680,5689.87,2025-09-19 02:24:00,Completed,Debit Card
681,681,5486.25,2025-04-27 00:53:00,Refunded,Debit Card
682,682,5003.89,2025-11-07 11:34:00,Completed,UPI
683,683,4326.62,2024-12-06 14:58:00,Pending,Wallet
684,684,5366.82,2024-12-12 11:45:00,Failed,UPI
685,685,10208.51,2025-08-13 10:45:00,Completed,Debit Card
686,686,7742.81,2026-03-08 01:58:00,Completed,UPI
687,687,5348.13,2024-11-15 03:00:00,Completed,Debit Card
688,688,5592.61,2025-04-06 19:40:00,Completed,Debit Card
689,689,5013.39,2026-03-25 14:34:00,Completed,UPI
690,690,5756.42,2025-03-28 10:30:00,Completed,Debit Card
691,691,7785.68,2025-10-12 11:25:00,Completed,UPI
692,692,8130.97,2025-06-02 16:27:00,Completed,Credit Card
693,693,4776.4,2025-04-17 12:03:00,Completed,Wallet
694,694,9611.31,2025-06-05 00:47:00,Pending,Debit Card
695,695,4991.11,2024-12-06 14:50:00,Completed,Debit Card
696,696,8526.64,2025-04-27 21:16:00,Completed,Credit Card
697,697,14165.83,2025-01-23 15:45:00,Completed,Debit Card
698,698,5548.59,2025-02-12 09:41:00,Completed,Credit Card
699,699,4576.1,2026-02-08 22:02:00,Failed,Wallet
700,700,4448.82,2025-12-08 16:20:00,Completed,Net Banking
701,701,4657.31,2026-01-15 19:20:00,Completed,UPI
702,702,14404.1,2026-02-19 09:19:00,Completed,UPI
703,703,4902.8,2024-12-13 03:04:00,Failed,Net Banking
704,704,4429.3,2025-09-15 10:44:00,Refunded,Wallet
705,705,4558.76,2025-02-13 21:28:00,Completed,UPI
706,706,5590.76,2025-06-01 11:35:00,Completed,UPI
707,707,4186.68,2025-11-01 10:28:00,Failed,Net Banking
708,708,5153.26,2024-12-30 19:17:00,Failed,UPI
709,709,5756.41,2026-03-24 05:12:00,Refunded,UPI
710,710,8364.74,2025-03-04 11:02:00,Refunded,Net Banking
711,711,4962.55,2026-02-26 09:04:00,Completed,Wallet
712,712,4906.09,2025-05-25 11:17:00,Refunded,UPI
713,713,18527.25,2025-06-18 01:52:00,Completed,Net Banking
714,714,5581.65,2026-03-19 21:35:00,Failed,Credit Card
715,715,5160.55,2025-12-14 18:42:00,Completed,Debit Card
716,716,4215.86,2025-07-26 14:57:00,Completed,UPI
717,717,7669.29,2026-01-11 03:48:00,Completed,Credit Card
718,718,10886.28,2025-05-30 07:24:00,Completed,UPI
719,719,4644.05,2026-01-12 02:53:00,Completed,UPI
720,720,4907.24,2025-12-01 23:19:00,Completed,Wallet
721,721,10980.4,2025-10-07 08:46:00,Pending,Wallet
722,722,4934.23,2025-05-07 18:59:00,Completed,Wallet
723,723,10159.58,2024-11-07 17:14:00,Failed,Wallet
724,724,5499.36,2026-02-27 16:28:00,Failed,Debit Card
725,725,15825.44,2025-08-09 02:39:00,Completed,Net Banking
726,726,8778.09,2025-07-17 04:03:00,Pending,UPI
727,727,5579.94,2024-11-01 11:57:00,Failed,Wallet
728,728,5421.0,2025-08-12 11:50:00,Failed,UPI
729,729,4700.63,2026-02-01 03:50:00,Completed,Net Banking
730,730,4454.68,2025-12-26 01:55:00,Pending,Debit Card
731,731,9201.47,2025-09-18 11:48:00,Refunded,Net Banking
732,732,5333.57,2025-01-23 12:38:00,Failed,Debit Card
733,733,5074.93,2025-06-02 14:17:00,Completed,UPI
734,734,5531.85,2025-07-18 15:41:00,Completed,Wallet
735,735,30883.06,2025-06-03 18:17:00,Refunded,UPI
736,736,18469.85,2025-04-13 10:25:00,Completed,Net Banking
737,737,9928.66,2025-06-18 22:47:00,Refunded,UPI
738,738,5794.46,2025-06-03 01:23:00,Failed,Wallet
739,739,4427.69,2025-03-13 22:01:00,Pending,Debit Card
740,740,13723.66,2025-07-19 09:43:00,Completed,Debit Card
741,741,5418.79,2026-03-04 05:25:00,Pending,UPI
742,742,8253.26,2025-01-17 04:56:00,Refunded,UPI
743,743,5190.79,2025-02-11 23:55:00,Failed,Debit Card
744,744,5055.26,2024-12-13 22:03:00,Completed,Credit Card
745,745,14240.96,2025-06-17 23:44:00,Completed,Wallet
746,746,16552.47,2025-03-16 16:24:00,Completed,Debit Card
747,747,8429.82,2025-08-05 17:41:00,Completed,Net Banking
748,748,5275.6,2025-09-21 17:00:00,Completed,Credit Card
749,749,14761.75,2025-02-19 05:28:00,Refunded,Credit Card
750,750,14465.3,2025-03-22 17:35:00,Completed,Wallet
751,751,33865.82,2025-09-22 08:54:00,Completed,Credit Card
752,752,4842.08,2025-08-02 01:50:00,Completed,Wallet
753,753,4952.81,2026-01-21 13:02:00,Completed,UPI
754,754,17057.64,2025-09-14 04:14:00,Completed,Debit Card
755,755,19070.79,2025-11-09 21:05:00,Completed,Credit Card
756,756,9152.88,2024-12-07 01:57:00,Completed,UPI
757,757,4896.38,2026-03-29 12:05:00,Refunded,Wallet
758,758,4053.11,2026-01-21 06:44:00,Completed,Credit Card
759,759,5250.56,2025-10-08 21:29:00,Completed,Wallet
760,760,4979.69,2024-12-31 23:37:00,Refunded,UPI
761,761,10898.08,2025-12-23 21:07:00,Completed,Debit Card
762,762,5615.15,2025-12-02 02:48:00,Completed,UPI
763,763,4905.38,2026-03-19 14:51:00,Refunded,Debit Card
764,764,4623.42,2026-03-21 06:57:00,Refunded,Wallet
765,765,14796.24,2025-04-04 23:59:00,Refunded,Net Banking
766,766,5385.72,2025-09-14 04:35:00,Completed,UPI
767,767,5054.52,2025-11-02 19:05:00,Completed,Net Banking
768,768,4500.08,2025-06-16 17:08:00,Pending,Net Banking
769,769,14355.57,2025-06-06 15:56:00,Pending,Credit Card
770,770,4100.33,2025-11-26 08:15:00,Refunded,Wallet
771,771,4541.45,2026-03-29 14:39:00,Completed,UPI
772,772,4806.03,2025-05-27 21:09:00,Completed,Debit Card
773,773,4751.59,2025-12-22 15:30:00,Completed,Net Banking
774,774,5171.82,2025-01-05 21:31:00,Failed,Debit Card
775,775,5132.42,2026-03-04 22:45:00,Completed,Net Banking
776,776,5622.02,2025-11-01 03:23:00,Completed,UPI
777,777,5068.12,2025-06-25 11:39:00,Refunded,Debit Card
778,778,5633.0,2025-06-19 12:56:00,Completed,Net Banking
779,779,7891.45,2025-10-11 08:02:00,Pending,UPI
780,780,5670.83,2025-01-08 00:43:00,Pending,Credit Card
781,781,36157.48,2025-12-19 17:00:00,Refunded,UPI
782,782,4864.16,2025-09-09 04:46:00,Refunded,Debit Card
783,783,5803.54,2025-11-12 07:46:00,Completed,Net Banking
784,784,5644.06,2025-04-15 14:25:00,Completed,Credit Card
785,785,4562.84,2025-09-07 05:35:00,Refunded,UPI
786,786,5425.86,2025-08-05 12:58:00,Pending,Credit Card
787,787,14295.29,2025-05-07 01:50:00,Completed,Debit Card
788,788,4772.59,2026-02-26 23:03:00,Completed,Debit Card
789,789,4067.28,2025-10-18 03:35:00,Completed,Debit Card
790,790,11040.39,2026-01-07 00:40:00,Completed,UPI
791,791,8132.63,2025-04-10 15:55:00,Refunded,UPI
792,792,18755.65,2025-12-04 02:16:00,Completed,Debit Card
793,793,17389.72,2025-09-02 10:02:00,Refunded,Net Banking
794,794,28644.69,2025-02-02 07:20:00,Failed,Debit Card
795,795,4455.18,2026-02-21 14:15:00,Pending,Debit Card
796,796,4534.44,2025-03-10 05:54:00,Completed,Net Banking
797,797,14870.04,2025-02-13 16:54:00,Completed,Credit Card
798,798,4752.11,2025-09-03 04:35:00,Completed,Debit Card
799,799,5147.66,2025-12-03 19:13:00,Completed,Credit Card
800,800,5831.36,2025-07-11 21:42:00,Pending,Debit Card
801,801,4572.8,2026-05-02 09:05:00,Failed,UPI
802,802,5750.09,2025-11-17 20:17:00,Completed,Debit Card
803,803,16516.76,2025-07-24 20:38:00,Failed,Debit Card
804,804,4710.23,2025-11-01 01:13:00,Refunded,Credit Card
805,805,5752.69,2025-03-16 00:03:00,Refunded,Debit Card
806,806,4629.46,2025-11-19 03:45:00,Completed,Net Banking
807,807,4800.44,2025-04-12 15:27:00,Completed,Debit Card
808,808,4473.28,2026-01-19 06:01:00,Completed,Debit Card
809,809,16261.43,2025-01-06 17:34:00,Failed,Wallet
810,810,5358.08,2025-05-17 08:32:00,Completed,Debit Card
811,811,4513.98,2026-02-14 14:28:00,Completed,Debit Card
812,812,5678.98,2026-04-21 08:20:00,Completed,Debit Card
813,813,4199.95,2025-11-22 23:06:00,Completed,Net Banking
814,814,29743.36,2026-02-03 06:31:00,Pending,Wallet
815,815,4952.62,2025-06-28 15:19:00,Completed,Wallet
816,816,4151.97,2025-12-09 15:09:00,Completed,Credit Card
817,817,5733.47,2025-09-08 14:38:00,Completed,UPI
818,818,7793.14,2025-03-07 14:36:00,Completed,Net Banking
819,819,10430.37,2025-03-11 10:15:00,Refunded,Debit Card
820,820,5214.76,2025-05-01 12:27:00,Refunded,UPI
821,821,4238.65,2025-08-14 11:30:00,Pending,Debit Card
822,822,4320.16,2025-03-26 21:11:00,Refunded,Net Banking
823,823,5460.68,2025-08-03 18:28:00,Completed,Wallet
824,824,4229.78,2026-01-03 04:01:00,Completed,Credit Card
825,825,4119.17,2025-11-26 02:02:00,Refunded,Net Banking
826,826,5308.39,2025-08-02 19:43:00,Completed,Credit Card
827,827,4921.2,2025-06-29 04:42:00,Completed,Net Banking
828,828,4723.57,2025-08-01 09:37:00,Refunded,Wallet
829,829,4776.58,2025-03-17 01:10:00,Failed,Wallet
830,830,10477.69,2026-03-18 16:05:00,Refunded,Credit Card
831,831,4330.62,2024-12-15 03:39:00,Completed,Wallet
832,832,7792.12,2025-04-06 02:45:00,Completed,Debit Card
833,833,5372.91,2025-10-04 15:48:00,Refunded,Debit Card
834,834,5669.16,2025-06-09 12:50:00,Refunded,Credit Card
835,835,5412.29,2025-03-20 16:44:00,Refunded,Credit Card
836,836,5368.81,2025-05-28 00:04:00,Refunded,Credit Card
837,837,4989.2,2026-02-23 22:51:00,Refunded,Net Banking
838,838,5845.14,2025-12-15 02:14:00,Completed,UPI
839,839,5785.62,2026-02-02 15:24:00,Completed,Wallet
840,840,5602.92,2025-09-19 17:45:00,Completed,Wallet
841,841,4991.31,2025-02-15 18:28:00,Pending,Credit Card
842,842,4841.28,2026-04-12 04:36:00,Refunded,Net Banking
843,843,10331.14,2025-07-16 19:27:00,Failed,UPI
844,844,10242.91,2025-05-20 16:40:00,Refunded,UPI
845,845,19059.27,2025-11-26 02:41:00,Completed,Net Banking
846,846,16142.14,2026-01-17 14:18:00,Refunded,Debit Card
847,847,17512.01,2025-02-25 09:43:00,Completed,Net Banking
848,848,4121.72,2025-03-01 11:38:00,Completed,UPI
849,849,18836.38,2025-01-25 20:48:00,Refunded,Debit Card
850,850,4867.28,2025-03-30 21:58:00,Completed,Debit Card
851,851,4595.83,2025-02-21 09:15:00,Refunded,Debit Card
852,852,4863.11,2026-01-08 03:35:00,Refunded,Debit Card
853,853,4830.78,2025-05-07 22:29:00,Completed,Wallet
854,854,4322.48,2025-03-20 02:19:00,Pending,Wallet
855,855,15489.05,2025-05-03 11:39:00,Failed,Debit Card
856,856,5706.31,2024-11-09 05:31:00,Completed,Wallet
857,857,18047.64,2025-08-04 17:57:00,Completed,Wallet
858,858,5275.03,2026-01-23 17:06:00,Refunded,Debit Card
859,859,4734.06,2025-06-21 14:09:00,Completed,UPI
860,860,19334.42,2026-01-25 15:53:00,Completed,Credit Card
861,861,16109.33,2025-11-03 21:50:00,Completed,Debit Card
862,862,33112.67,2025-01-15 17:47:00,Completed,Wallet
863,863,8227.12,2025-10-06 18:45:00,Completed,Debit Card
864,864,8582.19,2025-12-19 06:04:00,Refunded,Credit Card
865,865,4882.39,2024-12-24 03:42:00,Completed,Net Banking
866,866,4845.42,2025-02-04 03:03:00,Completed,Net Banking
867,867,9140.97,2025-01-12 23:37:00,Completed,Debit Card
868,868,16512.37,2025-11-01 23:10:00,Completed,Credit Card
869,869,4607.97,2025-09-04 17:10:00,Pending,UPI
870,870,8976.21,2024-11-22 06:52:00,Completed,Net Banking
871,871,5105.14,2025-05-31 23:22:00,Completed,Credit Card
872,872,4918.6,2025-07-07 16:02:00,Completed,Debit Card
873,873,5173.68,2026-03-19 13:47:00,Completed,Net Banking
874,874,10175.13,2025-07-23 02:57:00,Failed,Debit Card
875,875,16423.82,2025-07-12 07:06:00,Completed,Wallet
876,876,10070.88,2024-12-10 19:41:00,Completed,Credit Card
877,877,15572.32,2025-02-26 08:10:00,Completed,Wallet
878,878,14975.42,2025-10-09 00:58:00,Pending,Credit Card
879,879,5841.17,2025-11-07 20:55:00,Completed,Credit Card
880,880,5701.65,2025-05-19 13:30:00,Completed,Net Banking
881,881,10164.16,2025-01-06 08:54:00,Completed,Net Banking
882,882,19472.63,2026-01-07 20:41:00,Refunded,Credit Card
883,883,4763.23,2025-04-15 14:07:00,Failed,Net Banking
884,884,18743.7,2025-04-06 00:16:00,Failed,UPI
885,885,5502.83,2025-08-09 02:21:00,Completed,Credit Card
886,886,5433.5,2025-07-08 00:12:00,Failed,Net Banking
887,887,5241.7,2025-06-22 21:37:00,Failed,UPI
888,888,10703.66,2026-02-12 18:49:00,Completed,Wallet
889,889,17457.57,2025-10-14 04:11:00,Completed,Debit Card
890,890,4981.23,2024-12-28 18:37:00,Completed,Credit Card
891,891,5143.58,2025-03-28 16:34:00,Completed,Credit Card
892,892,35949.63,2026-01-03 04:26:00,Completed,UPI
893,893,10361.41,2025-07-06 20:56:00,Completed,Credit Card
894,894,17512.23,2025-04-09 10:14:00,Failed,UPI
895,895,5572.75,2025-08-07 08:11:00,Refunded,UPI
896,896,9025.21,2025-04-23 17:19:00,Completed,Wallet
897,897,4371.91,2025-10-21 08:42:00,Refunded,Credit Card
898,898,5705.78,2026-01-07 02:30:00,Refunded,Net Banking
899,899,17943.85,2025-02-16 11:32:00,Refunded,Debit Card
900,900,5332.66,2025-07-31 06:17:00,Refunded,UPI
901,901,4427.35,2025-12-06 06:14:00,Completed,Wallet
902,902,5033.85,2025-12-20 08:50:00,Completed,UPI
903,903,4085.63,2025-03-12 09:45:00,Completed,Debit Card
904,904,15358.44,2025-05-20 19:39:00,Completed,Net Banking
905,905,5485.09,2025-05-08 21:14:00,Completed,Credit Card
906,906,30875.08,2025-11-29 02:15:00,Completed,Debit Card
907,907,16090.7,2025-07-18 06:19:00,Failed,Debit Card
908,908,5841.64,2026-04-03 15:12:00,Completed,Debit Card
909,909,8380.36,2025-08-14 20:57:00,Refunded,Credit Card
910,910,8269.41,2025-09-14 16:11:00,Completed,Wallet
911,911,5842.42,2025-04-20 18:52:00,Failed,Credit Card
912,912,7859.04,2026-03-22 12:34:00,Pending,Debit Card
913,913,4276.9,2025-07-30 10:56:00,Completed,Credit Card
914,914,18025.5,2025-01-07 20:27:00,Completed,Wallet
915,915,5599.62,2025-03-26 14:03:00,Completed,Net Banking
916,916,5082.0,2025-11-26 12:57:00,Refunded,Wallet
917,917,30741.2,2025-10-14 00:53:00,Failed,Wallet
918,918,36082.81,2025-06-22 19:44:00,Failed,Net Banking
919,919,4404.5,2026-01-12 03:36:00,Completed,Wallet
920,920,5714.92,2024-10-06 16:08:00,Completed,Net Banking
921,921,5424.34,2025-09-28 12:29:00,Completed,Credit Card
922,922,4705.49,2025-12-26 22:23:00,Failed,Net Banking
923,923,4805.79,2025-05-14 18:11:00,Failed,Debit Card
924,924,8427.66,2025-09-23 21:42:00,Pending,Debit Card
925,925,4066.69,2024-10-19 02:43:00,Completed,Net Banking
926,926,4565.59,2024-12-26 12:13:00,Pending,Net Banking
927,927,5731.65,2025-10-12 16:45:00,Completed,Wallet
928,928,15554.59,2024-12-19 06:54:00,Failed,Wallet
929,929,8335.78,2025-01-24 15:10:00,Completed,UPI
930,930,5191.6,2025-11-18 21:32:00,Pending,Wallet
931,931,10111.87,2025-11-10 20:42:00,Completed,UPI
932,932,5278.88,2026-02-17 20:12:00,Completed,Credit Card
933,933,18953.27,2025-03-17 23:04:00,Completed,Credit Card
934,934,9669.55,2025-06-11 13:37:00,Refunded,Net Banking
935,935,5812.7,2025-01-02 01:14:00,Completed,UPI
936,936,4188.67,2025-11-01 10:11:00,Completed,Credit Card
937,937,5104.41,2024-11-13 08:07:00,Completed,Wallet
938,938,9618.46,2025-07-12 20:53:00,Refunded,UPI
939,939,5125.93,2025-10-24 04:25:00,Completed,Debit Card
940,940,5429.56,2025-12-03 06:47:00,Completed,Debit Card
941,941,4855.2,2024-12-21 14:22:00,Pending,Credit Card
942,942,8819.02,2026-01-21 18:47:00,Refunded,Credit Card
943,943,14628.47,2025-09-04 19:02:00,Completed,Credit Card
944,944,10625.8,2025-03-11 21:11:00,Failed,Net Banking
945,945,5177.52,2025-04-26 11:30:00,Completed,Net Banking
946,946,14622.67,2025-12-25 23:21:00,Failed,Wallet
947,947,5218.93,2025-03-05 08:53:00,Completed,Net Banking
948,948,9656.36,2025-10-19 12:14:00,Completed,UPI
949,949,19023.64,2025-02-26 23:03:00,Completed,Credit Card
950,950,4231.61,2025-10-25 16:33:00,Refunded,Credit Card
951,951,9980.2,2025-02-03 20:02:00,Refunded,Debit Card
952,952,5678.13,2024-12-11 08:55:00,Completed,Wallet
953,953,5177.41,2025-11-19 13:46:00,Refunded,Net Banking
954,954,5484.24,2025-05-14 14:56:00,Completed,UPI
955,955,4519.52,2026-01-26 08:26:00,Completed,Net Banking
956,956,5650.84,2024-12-11 05:50:00,Completed,Net Banking
957,957,4118.46,2025-08-27 05:10:00,Completed,Wallet
958,958,30580.74,2025-03-03 18:44:00,Completed,Wallet
959,959,4879.34,2026-02-04 05:14:00,Refunded,UPI
960,960,18687.52,2025-12-16 18:40:00,Completed,Credit Card
961,961,5195.67,2025-09-27 20:40:00,Completed,Debit Card
962,962,14479.54,2026-04-13 16:21:00,Completed,UPI
963,963,5409.98,2024-10-25 03:41:00,Completed,Credit Card
964,964,4101.29,2026-03-19 10:19:00,Failed,Credit Card
965,965,4552.13,2025-04-09 20:49:00,Failed,Debit Card
966,966,4732.76,2024-12-17 01:47:00,Refunded,UPI
967,967,15136.8,2026-01-29 11:46:00,Refunded,Debit Card
968,968,5128.79,2026-04-29 16:47:00,Completed,Debit Card
969,969,4155.52,2025-12-08 09:21:00,Failed,UPI
970,970,4918.66,2025-01-18 11:14:00,Refunded,Net Banking
971,971,4397.46,2025-01-25 19:05:00,Pending,Net Banking
972,972,33133.56,2025-12-19 00:43:00,Completed,Credit Card
973,973,9454.0,2025-04-16 02:46:00,Refunded,Wallet
974,974,14374.59,2025-12-02 08:40:00,Completed,UPI
975,975,5669.57,2026-03-05 11:34:00,Completed,Wallet
976,976,30275.77,2025-12-01 07:01:00,Completed,Net Banking
977,977,5094.28,2025-11-17 04:30:00,Failed,Debit Card
978,978,8175.88,2025-08-04 22:23:00,Completed,UPI
979,979,28019.58,2025-01-11 02:47:00,Completed,Net Banking
980,980,10114.69,2024-11-27 14:49:00,Pending,Debit Card
981,981,8973.75,2026-01-24 01:04:00,Completed,UPI
982,982,16943.55,2025-03-19 15:46:00,Pending,Wallet
983,983,4797.71,2026-02-27 04:52:00,Completed,Net Banking
984,984,8814.31,2025-09-13 00:39:00,Completed,Debit Card
985,985,4600.5,2025-07-07 12:11:00,Refunded,UPI
986,986,5021.97,2025-11-17 21:47:00,Completed,Credit Card
987,987,28101.09,2025-12-10 02:36:00,Completed,UPI
988,988,17894.66,2025-12-13 01:20:00,Completed,UPI
989,989,5143.41,2025-09-13 14:44:00,Failed,Wallet
990,990,5327.57,2025-01-13 06:52:00,Refunded,UPI
991,991,4621.6,2025-01-09 09:45:00,Completed,UPI
992,992,10211.29,2025-08-26 18:09:00,Failed,Debit Card
993,993,4666.85,2025-07-22 03:25:00,Completed,UPI
994,994,4816.26,2025-01-05 01:38:00,Completed,UPI
995,995,4683.64,2025-08-08 11:53:00,Completed,UPI
996,996,17457.96,2026-01-09 11:52:00,Completed,Debit Card
997,997,16726.37,2026-03-20 07:11:00,Completed,UPI
998,998,4744.9,2025-11-13 03:27:00,Refunded,Credit Card
999,999,5840.85,2025-11-29 05:28:00,Failed,Wallet
1000,1000,5020.48,2025-11-04 04:17:00,Completed,Net Banking
